Point,AL,2000-03-01
Point,AL,2011-08-12
Point,AL,2000-03-01
Point,AL,2000-03-01
Point,AL,2000-03-01
Point,AL,2000-03-01
Point,AL,2007-06-05
Point,AL,2000-03-01
Point,AL,2007-02-08
Point,AL,2007-02-08
Point,AL,2000-03-01
Point,AL,2000-03-01
Point,AL,2011-09-06
Point,AL,2000-03-01
Point,AL,2000-03-01
Point,AL,2000-03-01
Point,AL,2007-02-08
Point,AL,2014-02-07
Point,AL,2000-03-01
Point,AL,2000-03-01
Point,AL,2003-07-29
Point,AL,2000-03-01
Point,AL,2000-03-01
Point,AL,2007-02-08
Point,AL,2003-03-26
Point,AL,2000-03-01
Point,AL,2000-03-01
Point,AL,2009-11-23
Point,AL,2000-03-01
Point,AL,2000-03-01
Point,AL,2000-03-01
Point,AL,2004-04-12
Point,AL,2000-03-01
Point,AL,2007-02-08
Point,AL,2000-03-01
Point,AL,2000-03-01
Point,AL,2005-01-25
Point,AL,2000-03-01
Point,AL,2011-09-06
Point,AL,2005-01-25
Point,AL,2000-03-01
Point,AL,2000-03-01
Point,AL,2000-03-01
Point,AL,2007-02-08
Point,AL,2007-02-08
Point,AL,2005-01-21
Point,AL,2000-03-01
Point,AL,2000-03-01
Point,AL,2007-02-08
Point,AL,2000-03-01
Point,AL,2006-10-02
Point,AL,2000-03-01
Point,AL,2000-03-01
Point,AL,2000-03-01
Point,AL,2000-03-01
Point,AK,2000-03-01
Point,AK,2012-06-02
Point,AK,2007-02-08
Point,AK,2007-02-08
Point,AK,2007-12-07
Point,AK,2007-02-08
Point,AK,2007-02-08
Point,AK,2007-02-08
Point,AK,2007-02-08
Point,AK,2007-02-08
Point,AK,2010-05-28
Point,AK,2006-03-31
Point,AK,2000-03-01
Point,AK,2006-08-02
Point,AK,2007-02-08
Point,AK,2007-02-08
Point,AK,2007-02-08
Point,AK,2007-02-08
Point,AK,2000-03-01
Point,AK,2000-03-01
Point,AK,2000-03-01
Point,AK,2007-02-08
Point,AK,2000-03-01
Point,AK,2000-03-01
Point,AK,2007-02-08
Point,AK,2007-02-08
Point,AK,2006-08-15
Point,AK,2007-02-08
Point,AK,2007-02-08
Point,AK,2007-02-08
Point,AK,2007-02-08
Point,AK,2007-02-08
Point,AK,2000-03-01
Point,AK,2007-02-08
Point,AK,2005-05-19
Point,AK,2004-04-27
Point,AK,2007-02-08
Point,AK,2007-02-08
Point,AK,2007-02-08
Point,AK,2004-04-12
Point,AK,2007-02-08
Point,AK,2007-02-08
Point,AK,2007-02-08
Point,AK,2007-02-08
Point,AK,2012-10-10
Point,AK,2000-03-01
Point,AK,2007-02-08
Point,AK,2003-01-30
Point,AK,2007-02-08
Point,AK,2003-01-30
Point,AK,2006-08-15
Point,AK,2012-06-11
Point,AK,2007-02-08
Point,AK,2007-02-08
Point,AK,2003-04-11
Point,AK,2012-06-01
Point,AK,2007-02-08
Point,AK,2007-02-08
Point,AK,2007-02-08
Point,AK,2007-02-08
Point,AK,2006-01-19
Point,AZ,2012-06-11
Point,AZ,2000-03-01
Point,AZ,2007-02-08
Point,AZ,2009-09-24
Point,AZ,2002-08-29
Point,AZ,2012-03-21
Point,AZ,2004-04-12
Point,AZ,2006-10-23
Point,AZ,2012-03-21
Point,AZ,2012-03-21
Point,AZ,2000-03-01
Point,AZ,2000-03-01
Point,AZ,2000-03-01
Point,AZ,2000-03-01
Point,AZ,2012-03-21
Point,AZ,2000-03-01
Point,AZ,2012-03-21
Point,AZ,2007-02-08
Point,AZ,2000-03-01
Point,AZ,2000-03-01
Point,AZ,2003-12-09
Point,AZ,2011-09-06
Point,AZ,2003-12-09
Point,AZ,2014-02-27
Point,AZ,2002-12-23
Point,AZ,2009-09-23
Point,AZ,2000-03-01
Point,AZ,2000-03-01
Point,AZ,2000-03-01
Point,AZ,2004-04-12
Point,AZ,2014-02-27
Point,AZ,2012-03-21
Point,AZ,2009-09-21
Point,AZ,2014-02-27
Point,AZ,2000-03-01
Point,AZ,2012-06-11
Point,AZ,2014-02-27
Point,AZ,2000-03-01
Point,AZ,2000-03-01
Point,AZ,2004-03-11
Point,AZ,2007-03-19
Point,AZ,2012-06-11
Point,AR,2003-09-23
Point,AR,2000-03-01
Point,AR,2004-04-12
Point,AR,2002-10-31
Point,AR,2000-03-01
Point,AR,2000-03-01
Point,AR,2000-03-01
Point,AR,2009-03-25
Point,AR,2000-03-01
Point,AR,2000-03-01
Point,AR,2003-09-22
Point,AR,2000-03-01
Point,AR,2007-02-08
Point,AR,2007-02-08
Point,AR,2010-05-27
Point,AR,2007-02-08
Point,AR,2008-02-23
Point,AR,2000-03-01
Point,AR,2010-03-22
Point,AR,2000-03-01
Point,AR,2007-10-22
Point,AR,2000-03-01
Point,AR,2000-03-01
Point,AR,2000-03-01
Point,AR,2007-02-08
Point,AR,2007-02-08
Point,AR,2007-02-08
Point,AR,2007-02-08
Point,AR,2007-02-08
Point,AR,2011-09-06
Point,AR,2006-07-25
Point,AR,2000-03-01
Point,AR,2000-03-01
Point,AR,2010-03-22
Point,AR,2011-09-06
Point,AR,2012-06-11
Point,AR,2012-06-11
Point,AR,2000-03-01
Point,AR,2000-03-01
Point,AR,2000-03-01
Point,AR,2011-08-24
Point,AR,2006-07-25
Point,AR,2007-02-08
Point,AR,2007-02-08
Point,AR,2007-02-08
Point,AR,2010-03-10
Point,CA,2007-02-08
Point,CA,2005-05-19
Point,CA,2002-10-30
Point,CA,2009-06-30
Point,CA,2000-03-01
Point,CA,2007-02-08
Point,CA,2007-02-08
Point,CA,2007-02-08
Point,CA,2007-02-08
Point,CA,2011-09-06
Point,CA,2011-09-06
Point,CA,2011-09-06
Point,CA,2014-02-27
Point,CA,2007-02-08
Point,CA,2007-02-08
Point,CA,2000-03-01
Point,CA,2007-02-08
Point,CA,2007-02-08
Point,CA,2007-02-08
Point,CA,2007-02-08
Point,CA,2007-02-08
Point,CA,2000-03-01
Point,CA,2000-03-01
Point,CA,2012-06-11
Point,CA,2012-03-21
Point,CA,2007-02-08
Point,CA,2007-02-08
Point,CA,2003-01-30
Point,CA,2007-02-08
Point,CA,2012-06-11
Point,CA,2000-03-01
Point,CA,2012-06-11
Point,CA,2010-03-22
Point,CA,2007-02-08
Point,CA,2012-06-11
Point,CA,2012-03-21
Point,CA,2007-02-08
Point,CA,2011-03-22
Point,CA,2012-03-21
Point,CA,2003-01-30
Point,CA,2003-01-30
Point,CA,2003-01-30
Point,CA,2003-01-30
Point,CA,2000-03-01
Point,CA,2000-03-01
Point,CA,2011-09-06
Point,CA,2013-09-26
Point,CA,2008-02-06
Point,CA,2000-03-01
Point,CA,2000-03-01
Point,CA,2000-03-01
Point,CA,2007-02-08
Point,CA,2013-09-26
Point,CA,2012-03-21
Point,CA,2000-03-01
Point,CA,2005-01-21
Point,CA,2005-01-21
Point,CA,2007-02-08
Point,CA,2008-03-25
Point,CA,2012-06-11
Point,CA,2007-02-08
Point,CA,2012-06-11
Point,CA,2012-03-21
Point,CA,2000-03-01
Point,CA,2000-03-01
Point,CA,2004-02-20
Point,CA,2011-03-22
Point,CA,2007-02-08
Point,CA,2000-03-01
Point,CA,2007-02-08
Point,CA,2012-03-21
Point,CA,2010-05-23
Point,CA,2007-02-08
Point,CA,2012-03-21
Point,CA,2007-02-08
Point,CA,2007-02-08
Point,CA,2008-04-22
Point,CA,2007-02-08
Point,CA,2007-02-08
Point,CA,2000-03-01
Point,CA,2007-02-08
Point,CA,2012-03-21
Point,CA,2009-03-30
Point,CA,2000-03-01
Point,CA,2007-02-08
Point,CA,2007-02-08
Point,CA,2004-04-12
Point,CA,2011-10-28
Point,CA,2007-02-08
Point,CA,2007-02-08
Point,CA,2010-03-22
Point,CA,2012-03-21
Point,CA,2000-03-01
Point,CA,2004-11-02
Point,CA,2012-03-21
Point,CA,2010-03-22
Point,CA,2007-02-08
Point,CA,2014-02-27
Point,CA,2007-02-08
Point,CA,2000-03-01
Point,CA,2007-02-08
Point,CA,2007-02-08
Point,CA,2007-02-08
Point,CA,2007-02-08
Point,CA,2000-03-01
Point,CA,2007-02-08
Point,CA,2012-03-21
Point,CA,2007-02-08
Point,CA,2012-06-11
Point,CA,2007-02-08
Point,CA,2007-02-08
Point,CA,2007-02-08
Point,CA,2007-02-08
Point,CA,2007-02-08
Point,CA,2007-02-08
Point,CA,2009-08-18
Point,CA,2007-02-08
Point,CA,2005-05-17
Point,CA,2000-03-01
Point,CA,2000-03-01
Point,CA,2000-03-01
Point,CA,2008-04-22
Point,CA,2007-02-08
Point,CA,2000-03-01
Point,CA,2007-02-08
Point,CA,2000-03-01
Point,CA,2007-02-08
Point,CA,2007-02-08
Point,CA,2003-04-25
Point,CA,2010-03-23
Point,CA,2010-03-22
Point,CA,2003-04-02
Point,CA,2013-09-26
Point,CA,2000-03-01
Point,CA,2007-02-08
Point,CA,2007-02-08
Point,CA,2005-05-19
Point,CA,2012-06-11
Point,CA,2010-03-23
Point,CA,2007-02-08
Point,CA,2000-03-01
Point,CA,2012-03-21
Point,CA,2012-03-21
Point,CA,2012-03-21
Point,CA,2012-03-21
Point,CA,2003-04-25
Point,CA,2012-03-21
Point,CA,2012-03-21
Point,CA,2012-03-21
Point,CA,2003-07-29
Point,CA,2010-05-23
Point,CA,2000-03-01
Point,CA,2000-03-01
Point,CA,2011-09-06
Point,CA,2012-03-21
Point,CA,2012-06-11
Point,CA,2000-03-01
Point,CA,2007-02-08
Point,CA,2000-03-01
Point,CA,2000-03-01
Point,CA,2007-02-08
Point,CA,2010-03-22
Point,CA,2010-03-22
Point,CA,2007-02-08
Point,CA,2007-02-08
Point,CA,2013-09-15
Point,CA,2012-06-11
Point,CA,2000-03-01
Point,CA,2012-03-21
Point,CA,2012-03-21
Point,CA,2000-03-01
Point,CA,2000-03-01
Point,CA,2012-03-21
Point,CA,2012-03-21
Point,CA,2004-09-27
Point,CA,2012-03-21
Point,CA,2007-02-08
Point,CA,2000-03-01
Point,CA,2010-05-28
Point,CA,2012-06-11
Point,CA,2003-12-21
Point,CA,2007-02-08
Point,CA,2007-02-08
Point,CA,2007-02-08
Point,CA,2007-02-08
Point,CA,2000-03-01
Point,CA,2007-02-08
Point,CA,2010-03-22
Point,CA,2010-03-22
Point,CA,2007-02-08
Point,CA,2000-03-01
Point,CA,2007-02-08
Point,CA,2007-02-08
Point,CA,2000-03-01
Point,CA,2007-02-08
Point,CA,2000-03-01
Point,CA,2004-11-18
Point,CA,2007-02-08
Point,CA,2007-02-08
Point,CA,2007-02-08
Point,CA,2007-02-08
Point,CA,2007-02-08
Point,CA,2007-02-08
Point,CA,2000-03-01
Point,CA,2000-03-01
Point,CA,2004-11-18
Point,CA,2004-11-18
Point,CA,2007-02-08
Point,CA,2010-03-22
Point,CA,2011-03-22
Point,CA,2007-02-08
Point,CA,2007-02-08
Point,CA,2007-02-08
Point,CA,2007-02-08
Point,CA,2007-02-08
Point,CA,2010-03-23
Point,CA,2007-02-08
Point,CA,2007-02-08
Point,CA,2012-03-21
Point,CA,2012-03-21
Point,CA,2007-02-08
Point,CA,2007-02-08
Point,CA,2007-02-08
Point,CA,2007-02-08
Point,CA,2007-02-08
Point,CA,2007-02-08
Point,CA,2007-02-08
Point,CA,2007-02-08
Point,CA,2007-02-08
Point,CA,2007-02-08
Point,CA,2007-02-08
Point,CA,2011-03-22
Point,CA,2007-02-08
Point,CA,2004-11-18
Point,CA,2007-02-08
Point,CA,2002-08-29
Point,CA,2010-03-23
Point,CA,2007-02-08
Point,CA,2007-02-08
Point,CA,2007-02-08
Point,CA,2000-03-01
Point,CA,2007-02-08
Point,CA,2000-03-01
Point,CA,2010-03-22
Point,CA,2007-02-08
Point,CA,2007-02-08
Point,CA,2000-03-01
Point,CA,2000-03-01
Point,CA,2013-09-15
Point,CA,2007-02-08
Point,CA,2007-02-08
Point,CA,2007-02-08
Point,CA,2000-03-01
Point,CA,2000-03-01
Point,CA,2007-02-08
Point,CA,2000-03-01
Point,CA,2007-02-08
Point,CA,2007-02-08
Point,CA,2007-02-08
Point,CA,2003-04-02
Point,CA,2007-10-22
Point,CA,2000-03-01
Point,CA,2012-03-21
Point,CA,2000-03-01
Point,CA,2011-03-22
Point,CA,2007-02-08
Point,CA,2007-02-07
Point,CA,2007-02-08
Point,CA,2000-03-01
Point,CA,2000-03-01
Point,CA,2004-11-02
Point,CA,2007-02-08
Point,CA,2010-03-22
Point,CA,2000-03-01
Point,CA,2012-06-11
Point,CA,2012-06-11
Point,CA,2012-06-11
Point,CA,2000-03-01
Point,CA,2000-03-01
Point,CA,2007-02-08
Point,CA,2007-02-08
Point,CA,2007-02-08
Point,CA,2011-03-22
Point,CA,2011-03-22
Point,CA,2011-03-22
Point,CA,2011-03-22
Point,CA,2011-09-06
Point,CA,2000-03-01
Point,CA,2007-02-08
Point,CA,2000-03-01
Point,CA,2011-03-22
Point,CA,2010-03-22
Point,CA,2007-02-08
Point,CA,2007-02-08
Point,CA,2011-03-22
Point,CA,2000-03-01
Point,CA,2000-03-01
Point,CA,2011-03-22
Point,CA,2003-07-01
Point,CA,2011-03-22
Point,CA,2005-05-05
Point,CA,2005-05-05
Point,CA,2000-03-01
Point,CA,2000-03-01
Point,CA,2000-03-01
Point,CA,2000-03-01
Point,CA,2000-03-01
Point,CA,2004-04-12
Point,CA,2004-09-27
Point,CA,2000-03-01
Point,CA,2000-03-01
Point,CA,2000-03-01
Point,CA,2000-03-01
Point,CA,2012-06-11
Point,CA,2000-03-01
Point,CA,2007-02-08
Point,CA,2007-02-08
Point,CA,2000-03-01
Point,CA,2000-03-01
Point,CA,2000-03-01
Point,CA,2000-03-01
Point,CA,2011-11-01
Point,CA,2000-03-01
Point,CA,2010-03-23
Point,CA,2000-03-01
Point,CA,2014-02-27
Point,CA,2000-03-01
Point,CA,2012-06-11
Point,CA,2003-10-22
Point,CA,2014-02-27
Point,CA,2007-02-08
Point,CA,2010-03-22
Point,CA,2010-03-22
Point,CA,2010-03-22
Point,CA,2010-03-22
Point,CA,2010-03-22
Point,CA,2012-06-11
Point,CA,2010-09-10
Point,CA,2010-09-10
Point,CA,2005-05-19
Point,CA,2000-03-01
Point,CA,2000-03-01
Point,CA,2008-11-23
Point,CA,2000-03-01
Point,CA,2005-10-17
Point,CA,2005-09-07
Point,CA,2010-03-22
Point,CA,2010-05-24
Point,CA,2012-03-21
Point,CA,2002-08-27
Point,CA,2004-03-11
Point,CA,2000-03-01
Point,CA,2000-03-01
Point,CA,2012-06-11
Point,CA,2000-03-01
Point,CA,2000-03-01
Point,CA,2000-03-01
Point,CA,2000-03-01
Point,CA,2011-03-22
Point,CA,2000-03-01
Point,CA,2000-03-01
Point,CA,2009-03-30
Point,CA,2000-03-01
Point,CA,2009-02-13
Point,CA,2004-09-27
Point,CA,2007-02-08
Point,CA,2012-06-11
Point,CA,2007-02-08
Point,CA,2007-02-08
Point,CA,2007-02-08
Point,CA,2007-02-08
Point,CA,2007-02-08
Point,CA,2007-02-08
Point,CA,2003-08-26
Point,CA,2012-06-11
Point,CA,2007-02-08
Point,CA,2012-03-21
Point,CA,2007-02-08
Point,CA,2000-03-01
Point,CA,2007-02-08
Point,CA,2007-08-01
Point,CA,2011-09-06
Point,CA,2007-02-08
Point,CA,2004-04-12
Point,CA,2000-03-01
Point,CA,2012-04-20
Point,CA,2005-10-17
Point,CA,2010-03-23
Point,CA,2007-02-08
Point,CA,2000-03-01
Point,CA,2000-03-01
Point,CA,2007-02-08
Point,CA,2013-09-15
Point,CA,2000-03-01
Point,CA,2004-04-12
Point,CA,2007-02-08
Point,CA,2000-03-01
Point,CA,2000-03-01
Point,CA,2000-03-01
Point,CA,2000-03-01
Point,CA,2014-02-27
Point,CA,2000-03-01
Point,CA,2007-02-08
Point,CA,2007-02-08
Point,CA,2009-06-30
Point,CA,2011-03-22
Point,CA,2006-04-25
Point,CA,2011-03-22
Point,CA,2011-03-22
Point,CA,2012-06-11
Point,CA,2000-03-01
Point,CA,2007-02-08
Point,CA,2007-02-08
Point,CA,2002-09-09
Point,CA,2007-02-08
Point,CA,2010-03-22
Point,CA,2007-02-07
Point,CA,2007-02-08
Point,CA,2012-03-21
Point,CA,2007-02-08
Point,CA,2010-03-22
Point,CA,2000-03-01
Point,CA,2009-03-30
Point,CA,2010-03-22
Point,CA,2012-06-11
Point,CA,2007-02-08
Point,CA,2007-02-08
Point,CA,2007-02-08
Point,CA,2010-03-10
Point,CA,2000-03-01
Point,CA,2000-03-01
Point,CA,2007-02-08
Point,CA,2007-02-08
Point,CA,2002-09-09
Point,CA,2007-02-08
Point,CA,2000-03-01
Point,CA,2009-11-19
Point,CA,2010-03-22
Point,CA,2006-10-23
Point,CA,2012-03-21
Point,CA,2007-12-07
Point,CA,2014-04-10
Point,CA,2011-03-22
Point,CA,2000-03-01
Point,CA,2004-04-12
Point,CA,2007-02-08
Point,CA,2000-03-01
Point,CA,2000-03-01
Point,CA,2000-03-01
Point,CA,2011-03-22
Point,CA,2007-02-08
Point,CA,2000-03-01
Point,CA,2009-02-14
Point,CA,2008-04-22
Point,CA,2007-02-08
Point,CA,2000-03-01
Point,CA,2007-02-08
Point,CA,2012-07-25
Point,CA,2000-03-01
Point,CA,2004-04-12
Point,CA,2007-02-08
Point,CA,2007-02-08
Point,CA,2007-02-08
Point,CA,2012-03-21
Point,CA,2000-03-01
Point,CA,2004-11-18
Point,CA,2010-03-22
Point,CA,2007-02-08
Point,CA,2008-04-11
Point,CA,2007-02-08
Point,CA,2000-03-01
Point,CA,2007-02-08
Point,CA,2007-02-08
Point,CA,2007-02-08
Point,CA,2007-02-08
Point,CA,2007-02-08
Point,CA,2004-04-12
Point,CA,2007-02-08
Point,CA,2007-02-08
Point,CA,2007-02-08
Point,CA,2004-04-12
Point,CA,2007-02-08
Point,CA,2000-03-01
Point,CA,2007-02-08
Point,CA,2000-03-01
Point,CA,2000-03-01
Point,CA,2012-03-21
Point,CA,2014-02-27
Point,CA,2007-02-08
Point,CA,2007-02-08
Point,CA,2007-02-08
Point,CA,2007-02-08
Point,CA,2000-03-01
Point,CA,2007-02-08
Point,CA,2000-03-01
Point,CA,2014-02-27
Point,CA,2000-03-01
Point,CA,2012-06-11
Point,CA,2007-02-08
Point,CA,2012-03-21
Point,CA,2000-03-01
Point,CA,2000-03-01
Point,CA,2000-03-01
Point,CA,2007-02-08
Point,CA,2003-03-04
Point,CA,2004-04-12
Point,CA,2000-03-01
Point,CA,2007-02-08
Point,CA,2012-06-11
Point,CA,2011-03-22
Point,CA,2000-03-01
Point,CA,2004-11-18
Point,CA,2000-03-01
Point,CA,2000-03-01
Point,CA,2007-02-08
Point,CA,2000-03-01
Point,CA,2007-02-08
Point,CA,2005-05-19
Point,CA,2000-03-01
Point,CA,2003-04-03
Point,CA,2007-02-08
Point,CA,2007-02-08
Point,CA,2000-03-01
Point,CA,2000-03-01
Point,CA,2007-02-08
Point,CA,2000-03-01
Point,CA,2007-02-08
Point,CA,2000-03-01
Point,CA,2005-09-27
Point,CA,2007-02-08
Point,CA,2007-02-08
Point,CO,2000-03-01
Point,CO,2007-11-15
Point,CO,2000-03-01
Point,CO,2012-06-11
Point,CO,2007-02-08
Point,CO,2000-03-01
Point,CO,2005-08-10
Point,CO,2007-02-08
Point,CO,2000-03-01
Point,CO,2007-02-08
Point,CO,2006-08-11
Point,CO,2012-06-11
Point,CO,2007-02-08
Point,CO,2000-03-01
Point,CO,2005-05-19
Point,CO,2005-08-10
Point,CO,2000-03-01
Point,CO,2009-10-23
Point,CO,2000-03-01
Point,CO,2007-02-08
Point,CO,2011-03-22
Point,CO,2012-03-21
Point,CO,2000-03-01
Point,CO,2007-02-08
Point,CO,2009-03-25
Point,CO,2007-02-08
Point,CO,2000-03-01
Point,CO,2008-11-23
Point,CO,2007-02-08
Point,CO,2005-08-10
Point,CO,2000-03-01
Point,CO,2000-03-01
Point,CO,2007-02-08
Point,CO,2007-02-08
Point,CO,2007-02-08
Point,CO,2000-03-01
Point,CO,2012-06-11
Point,CO,2012-03-21
Point,CO,2007-02-08
Point,CO,2007-02-08
Point,CO,2012-03-21
Point,CO,2000-03-01
Point,CO,2005-05-17
Point,CO,2005-05-17
Point,CO,2007-02-08
Point,CO,2007-02-08
Point,CO,2000-03-01
Point,CO,2007-02-08
Point,CO,2003-01-05
Point,CO,2000-03-01
Point,CO,2000-03-01
Point,CO,2006-11-14
Point,CO,2000-03-01
Point,CO,2009-11-10
Point,CO,2004-05-18
Point,CO,2007-10-22
Point,CO,2000-03-01
Point,CO,2012-03-21
Point,CO,2000-03-01
Point,CO,2000-03-01
Point,CO,2000-03-01
Point,CO,2013-09-26
Point,CO,2000-03-01
Point,CO,2000-03-01
Point,CO,2012-06-11
Point,CO,2014-02-27
Point,CO,2005-08-10
Point,CO,2003-11-14
Point,CO,2000-03-01
Point,CO,2000-03-01
Point,CO,2004-04-12
Point,CO,2004-04-12
Point,CO,2000-03-01
Point,CO,2000-03-01
Point,CO,2007-02-08
Point,CO,2012-06-11
Point,CO,2007-02-08
Point,CO,2010-03-23
Point,CO,2010-03-23
Point,CO,2011-03-22
Point,CO,2011-03-22
Point,CO,2007-02-08
Point,CT,2000-03-01
Point,CT,2007-02-08
Point,CT,2000-03-01
Point,CT,2007-02-08
Point,CT,2000-03-01
Point,CT,2012-03-21
Point,CT,2012-03-21
Point,CT,2000-03-01
Point,CT,2011-07-20
Point,CT,2012-03-21
Point,CT,2000-03-01
Point,CT,2004-03-12
Point,CT,2009-05-06
Point,CT,2000-03-01
Point,CT,2000-03-01
Point,CT,2000-03-01
Point,CT,2000-03-01
Point,CT,2000-03-01
Point,CT,2000-03-01
Point,CT,2000-03-01
Point,CT,2004-04-12
Point,CT,2002-10-30
Point,CT,2000-03-01
Point,CT,2007-02-08
Point,CT,2004-11-29
Point,CT,2012-03-21
Point,CT,2012-03-21
Point,CT,2007-02-08
Point,CT,2012-03-21
Point,CT,2003-04-11
Point,CT,2000-03-01
Point,CT,2007-02-08
Point,CT,2012-03-21
Point,CT,2006-03-31
Point,CT,2007-02-08
Point,CT,2014-02-27
Point,CT,2007-02-08
Point,CT,2007-05-24
Point,CT,2000-03-01
Point,CT,2000-03-01
Point,CT,2008-04-11
Point,CT,2007-02-08
Point,CT,2000-03-01
Point,CT,2000-03-01
Point,CT,2000-03-01
Point,CT,2000-03-01
Point,CT,2000-03-01
Point,CT,2000-03-01
Point,CT,2007-02-08
Point,CT,2007-02-08
Point,CT,2007-05-24
Point,CT,2008-04-11
Point,CT,2000-03-01
Point,CT,2002-08-30
Point,CT,2007-07-26
Point,CT,2007-07-26
Point,CT,2000-03-01
Point,CT,2000-03-01
Point,CT,2012-03-21
Point,CT,2007-02-07
Point,CT,2000-03-01
Point,DE,2013-05-30
Point,DE,2005-05-19
Point,DE,2014-02-27
Point,DE,2011-03-22
Point,DE,2011-03-22
Point,DE,2000-03-01
Point,DE,2010-03-22
Point,DE,2000-03-01
Point,DE,2000-03-01
Point,DE,2000-03-01
Point,DE,2000-03-01
Point,DE,2000-03-01
Point,DE,2007-12-07
Point,DE,2005-05-19
Point,DE,2000-03-01
Point,DE,2000-03-01
Point,DE,2000-03-01
Point,FL,2008-04-23
Point,FL,2006-12-12
Point,FL,2000-03-01
Point,FL,2012-03-21
Point,FL,2007-02-08
Point,FL,2000-03-01
Point,FL,2007-02-08
Point,FL,2010-03-23
Point,FL,2000-03-01
Point,FL,2000-03-01
Point,FL,2000-03-01
Point,FL,2000-03-01
Point,FL,2002-08-29
Point,FL,2000-03-01
Point,FL,2000-03-01
Point,FL,2008-04-24
Point,FL,2000-03-01
Point,FL,2007-02-08
Point,FL,2008-04-11
Point,FL,2000-03-01
Point,FL,2000-03-01
Point,FL,2007-02-08
Point,FL,2000-03-01
Point,FL,2008-04-22
Point,FL,2000-03-01
Point,FL,2000-03-01
Point,FL,2000-03-01
Point,FL,2000-03-01
Point,FL,2000-03-01
Point,FL,2000-03-01
Point,FL,2000-03-01
Point,FL,2000-03-01
Point,FL,2000-03-01
Point,FL,2007-02-08
Point,FL,2000-03-01
Point,FL,2000-03-01
Point,FL,2011-06-07
Point,FL,2000-03-01
Point,FL,2005-06-01
Point,FL,2007-02-08
Point,FL,2000-03-01
Point,FL,2008-04-23
Point,FL,2000-03-01
Point,FL,2000-03-01
Point,FL,2004-04-12
Point,FL,2007-02-08
Point,FL,2000-03-01
Point,FL,2007-02-08
Point,FL,2000-03-01
Point,FL,2008-05-12
Point,FL,2008-05-12
Point,FL,2004-04-12
Point,FL,2012-06-11
Point,FL,2004-02-17
Point,FL,2004-04-12
Point,FL,2004-04-12
Point,FL,2004-03-11
Point,FL,2000-03-01
Point,FL,2007-02-08
Point,FL,2000-03-01
Point,FL,2000-03-01
Point,FL,2004-04-12
Point,FL,2007-02-08
Point,FL,2000-03-01
Point,FL,2007-02-08
Point,FL,2004-02-13
Point,FL,2000-03-01
Point,FL,2000-03-01
Point,FL,2000-03-01
Point,FL,2000-03-01
Point,FL,2000-03-01
Point,FL,2003-04-11
Point,FL,2000-03-01
Point,FL,2000-03-01
Point,FL,2000-03-01
Point,FL,2000-03-01
Point,FL,2000-03-01
Point,FL,2000-03-01
Point,FL,2007-10-22
Point,FL,2000-03-01
Point,FL,2007-02-08
Point,FL,2000-03-01
Point,FL,2000-03-01
Point,FL,2010-01-26
Point,FL,2000-03-01
Point,FL,2000-03-01
Point,FL,2000-03-01
Point,FL,2000-03-01
Point,FL,2000-03-01
Point,FL,2000-03-01
Point,FL,2000-03-01
Point,FL,2008-12-04
Point,FL,2000-03-01
Point,FL,2010-05-26
Point,FL,2012-03-21
Point,FL,2000-03-01
Point,FL,2000-03-01
Point,FL,2004-04-12
Point,FL,2000-03-01
Point,FL,2007-02-08
Point,FL,2007-02-08
Point,FL,2012-03-21
Point,FL,2007-02-08
Point,FL,2006-10-03
Point,FL,2006-10-03
Point,FL,2000-03-01
Point,FL,2003-04-11
Point,FL,2000-03-01
Point,FL,2009-06-30
Point,FL,2000-03-01
Point,FL,2000-03-01
Point,FL,2004-04-12
Point,FL,2000-03-01
Point,FL,2007-12-02
Point,FL,2000-03-01
Point,FL,2012-03-21
Point,FL,2000-03-01
Point,FL,2000-03-01
Point,FL,2000-03-01
Point,FL,2007-02-08
Point,FL,2000-03-01
Point,FL,2010-07-28
Point,FL,2000-03-01
Point,FL,2000-03-01
Point,FL,2000-03-01
Point,FL,2007-02-08
Point,FL,2007-02-08
Point,GA,2007-02-08
Point,GA,2000-03-01
Point,GA,2007-02-08
Point,GA,2007-02-08
Point,GA,2007-02-08
Point,GA,2000-03-01
Point,GA,2000-03-01
Point,GA,2012-10-29
Point,GA,2000-03-01
Point,GA,2000-03-01
Point,GA,2003-03-03
Point,GA,2000-03-01
Point,GA,2000-03-01
Point,GA,2012-07-25
Point,GA,2014-07-22
Point,GA,2003-01-05
Point,GA,2007-02-08
Point,GA,2000-03-01
Point,GA,2014-02-07
Point,GA,2007-02-08
Point,GA,2000-03-01
Point,GA,2008-04-22
Point,GA,2000-03-01
Point,GA,2000-03-01
Point,GA,2000-03-01
Point,GA,2007-02-08
Point,GA,2000-03-01
Point,GA,2000-03-01
Point,GA,2000-03-01
Point,GA,2005-05-19
Point,GA,2000-03-01
Point,GA,2000-03-01
Point,GA,2000-03-01
Point,GA,2007-02-08
Point,GA,2000-03-01
Point,GA,2000-03-01
Point,GA,2000-03-01
Point,GA,2010-05-26
Point,GA,2000-03-01
Point,GA,2000-03-01
Point,GA,2012-06-11
Point,GA,2010-03-23
Point,GA,2007-02-08
Point,GA,2007-02-08
Point,GA,2000-03-01
Point,GA,2003-01-13
Point,GA,2000-03-01
Point,GA,2012-06-11
Point,GA,2007-02-08
Point,GA,2007-02-08
Point,GA,2007-02-08
Point,GA,2003-04-11
Point,GA,2000-03-01
Point,GA,2007-02-08
Point,GA,2000-03-01
Point,GA,2000-03-01
Point,GA,2003-01-13
Point,GA,2007-02-08
Point,GA,2007-02-08
Point,GA,2007-02-08
Point,GA,2000-03-01
Point,GA,2003-12-16
Point,GA,2000-03-01
Point,GA,2007-02-08
Point,GA,2005-01-21
Point,GA,2007-02-08
Point,GA,2000-03-01
Point,GA,2007-02-08
Point,GA,2000-03-01
Point,GA,2000-03-01
Point,GA,2000-03-01
Point,GA,2007-02-08
Point,GA,2000-03-01
Point,GA,2000-03-01
Point,GA,2000-03-01
Point,GA,2000-03-01
Point,GA,2007-12-07
Point,GA,2007-12-07
Point,GA,2000-03-01
Point,GA,2007-02-08
Point,GA,2000-03-01
Point,GA,2004-04-12
Point,GA,2000-03-01
Point,GA,2007-02-08
Point,GA,2009-03-25
Point,GA,2000-03-01
Point,GA,2000-03-01
Point,GA,2000-03-01
Point,GA,2000-03-01
Point,HI,2000-03-01
Point,HI,2000-03-01
Point,HI,2000-03-01
Point,HI,2003-03-18
Point,HI,2006-10-30
Point,HI,2007-02-08
Point,HI,2007-02-08
Point,HI,2000-03-01
Point,HI,2000-03-01
Point,HI,2011-02-24
Point,HI,2012-06-11
Point,HI,2000-03-01
Point,HI,2011-03-22
Point,HI,2000-03-01
Point,HI,2007-02-08
Point,HI,2000-03-01
Point,HI,2006-10-30
Point,HI,2000-03-01
Point,HI,2012-06-11
Point,HI,2010-05-27
Point,HI,2009-07-24
Point,HI,2011-09-06
Point,HI,2000-03-01
Point,HI,2003-10-09
Point,HI,2000-03-01
Point,ID,2012-06-11
Point,ID,2007-02-08
Point,ID,2007-02-23
Point,ID,2007-02-08
Point,ID,2007-02-08
Point,ID,2007-02-08
Point,ID,2007-02-08
Point,ID,2010-03-10
Point,ID,2007-02-08
Point,ID,2007-02-08
Point,ID,2007-02-08
Point,ID,2007-02-08
Point,ID,2010-03-22
Point,ID,2000-03-01
Point,ID,2007-02-08
Point,ID,2013-03-01
Point,ID,2014-02-27
Point,ID,2012-08-14
Point,ID,2000-03-01
Point,ID,2000-03-01
Point,ID,2005-09-27
Point,ID,2000-03-01
Point,ID,2007-02-08
Point,ID,2007-02-08
Point,ID,2007-02-08
Point,ID,2007-02-08
Point,ID,2007-02-08
Point,ID,2010-03-22
Point,ID,2007-02-08
Point,ID,2007-02-08
Point,ID,2007-02-08
Point,ID,2000-03-01
Point,ID,2007-02-08
Point,ID,2000-03-01
Point,ID,2011-03-22
Point,ID,2007-02-08
Point,ID,2007-02-08
Point,ID,2012-03-21
Point,ID,2007-02-08
Point,ID,2004-11-16
Point,ID,2007-02-08
Point,ID,2007-02-08
Point,ID,2009-02-16
Point,ID,2009-10-26
Point,ID,2007-02-08
Point,ID,2007-02-08
Point,ID,2007-02-08
Point,ID,2007-02-08
Point,ID,2000-03-01
Point,ID,2011-03-22
Point,ID,2010-03-22
Point,ID,2000-03-01
Point,ID,2007-02-08
Point,ID,2007-02-08
Point,ID,2014-02-27
Point,ID,2007-02-08
Point,ID,2011-05-27
Point,IL,2010-05-23
Point,IL,2010-05-23
Point,IL,2010-03-22
Point,IL,2004-10-19
Point,IL,2000-03-01
Point,IL,2007-02-08
Point,IL,2004-10-19
Point,IL,2004-10-19
Point,IL,2000-03-01
Point,IL,2000-03-01
Point,IL,2000-03-01
Point,IL,2000-03-01
Point,IL,2004-10-19
Point,IL,2000-03-01
Point,IL,2000-03-01
Point,IL,2010-05-21
Point,IL,2011-03-22
Point,IL,2010-05-23
Point,IL,2000-03-01
Point,IA,2000-03-01
Point,IL,2012-06-11
Point,IL,2000-03-01
Point,IL,2000-03-01
Point,IL,2000-03-01
Point,IL,2007-02-08
Point,IL,2000-03-01
Point,IL,2010-03-23
Point,IL,2007-02-08
Point,IL,2000-03-01
Point,IL,2000-03-01
Point,IL,2007-02-08
Point,IL,2007-02-08
Point,IL,2010-03-22
Point,IL,2000-03-01
Point,IL,2012-06-11
Point,IL,2007-02-08
Point,IL,2000-03-01
Point,IL,2000-03-01
Point,IL,2000-03-01
Point,IL,2010-03-22
Point,IL,2011-03-22
Point,IL,2000-03-01
Point,IL,2007-02-08
Point,IL,2007-02-08
Point,IL,2007-02-08
Point,IL,2007-02-08
Point,IL,2009-03-30
Point,IL,2012-06-11
Point,IL,2000-03-01
Point,IL,2000-03-01
Point,IL,2000-03-01
Point,IL,2000-03-01
Point,IL,2000-03-01
Point,IL,2000-03-01
Point,IL,2010-09-10
Point,IL,2007-02-08
Point,IL,2007-02-08
Point,IL,2000-03-01
Point,IL,2004-10-19
Point,IL,2011-03-22
Point,IL,2000-03-01
Point,IL,2008-10-23
Point,IL,2012-06-11
Point,IL,2004-03-12
Point,IL,2011-03-22
Point,IL,2011-03-22
Point,IL,2012-06-11
Point,IL,2010-03-22
Point,IL,2010-11-24
Point,IL,2011-09-06
Point,IL,2004-10-19
Point,IL,2004-10-19
Point,IL,2004-10-19
Point,IL,2000-03-01
Point,IL,2007-02-08
Point,IL,2000-03-01
Point,IL,2007-02-08
Point,IL,2012-06-11
Point,IL,2003-11-03
Point,IL,2000-03-01
Point,IL,2000-03-01
Point,IL,2010-05-23
Point,IL,2007-02-08
Point,IL,2007-02-08
Point,IL,2009-10-19
Point,IL,2000-03-01
Point,IL,2000-03-01
Point,IL,2000-03-01
Point,IL,2000-03-01
Point,IL,2007-02-08
Point,IL,2007-02-08
Point,IL,2000-03-01
Point,IL,2000-03-01
Point,IL,2004-04-12
Point,IL,2009-06-03
Point,IL,2004-03-12
Point,IL,2000-03-01
Point,IL,2000-03-01
Point,IL,2007-02-08
Point,IL,2011-09-06
Point,IL,2000-03-01
Point,IL,2000-03-01
Point,IL,2005-05-19
Point,IL,2000-03-01
Point,IL,2000-03-01
Point,IL,2000-03-01
Point,IL,2000-03-01
Point,IL,2000-03-01
Point,IL,2007-02-08
Point,IL,2000-03-01
Point,IL,2006-06-03
Point,IL,2007-02-08
Point,IL,2007-02-08
Point,IL,2000-03-01
Point,IL,2007-02-08
Point,IL,2004-10-19
Point,IL,2000-03-01
Point,IL,2000-03-01
Point,IL,2000-03-01
Point,IL,2012-06-11
Point,IL,2007-02-08
Point,IL,2000-03-01
Point,IL,2007-02-08
Point,IL,2000-03-01
Point,IL,2007-02-08
Point,IL,2000-03-01
Point,IL,2007-02-08
Point,IL,2007-02-08
Point,IL,2000-03-01
Point,IL,2000-03-01
Point,IL,2000-03-01
Point,IL,2007-02-08
Point,IL,2007-02-08
Point,IL,2007-02-08
Point,IL,2000-03-01
Point,IL,2000-03-01
Point,IL,2004-10-19
Point,IL,2000-03-01
Point,IL,2000-03-01
Point,IL,2000-03-01
Point,IL,2007-02-08
Point,IL,2007-02-08
Point,IL,2000-03-01
Point,IL,2000-03-01
Point,IL,2011-09-06
Point,IL,2004-04-12
Point,IL,2000-03-01
Point,IL,2000-03-01
Point,IL,2012-06-11
Point,IL,2000-03-01
Point,IL,2004-10-19
Point,IL,2007-02-08
Point,IL,2000-03-01
Point,IL,2000-03-01
Point,IL,2000-03-01
Point,IL,2010-03-22
Point,IL,2010-03-22
Point,IL,2000-03-01
Point,IL,2000-03-01
Point,IL,2000-03-01
Point,IL,2012-02-14
Point,IL,2004-10-19
Point,IL,2000-03-01
Point,IL,2000-03-01
Point,IL,2011-10-28
Point,IL,2004-04-12
Point,IL,2010-09-10
Point,IL,2000-03-01
Point,IL,2011-09-06
Point,IN,2007-02-08
Point,IN,2000-03-01
Point,IN,2000-03-01
Point,IN,2000-03-01
Point,IN,2000-03-01
Point,IN,2000-03-01
Point,IN,2000-03-01
Point,IN,2007-02-08
Point,IN,2007-02-08
Point,IN,2000-03-01
Point,IN,2005-05-17
Point,IN,2000-03-01
Point,IN,2014-02-27
Point,IN,2007-02-16
Point,IN,2000-03-01
Point,IN,2000-03-01
Point,IN,2012-06-11
Point,IN,2012-06-11
Point,IN,2012-06-11
Point,IN,2000-03-01
Point,IN,2000-03-01
Point,IN,2000-03-01
Point,IN,2000-03-01
Point,IN,2004-04-07
Point,IN,2008-04-11
Point,IN,2000-03-01
Point,IN,2007-02-08
Point,IN,2007-02-08
Point,IN,2010-03-22
Point,IN,2000-03-01
Point,IN,2000-03-01
Point,IN,2000-03-01
Point,IN,2000-03-01
Point,IN,2003-01-30
Point,IN,2002-11-20
Point,IN,2005-05-17
Point,IN,2007-02-08
Point,IN,2007-02-08
Point,IN,2000-03-01
Point,IN,2007-02-08
Point,IN,2000-03-01
Point,IN,2012-03-21
Point,IN,2000-03-01
Point,IN,2000-03-01
Point,IN,2000-03-01
Point,IN,2000-03-01
Point,IN,2000-03-01
Point,IN,2007-02-08
Point,IN,2000-03-01
Point,IN,2000-03-01
Point,IN,2000-03-01
Point,IN,2014-02-27
Point,IN,2000-03-01
Point,IN,2000-03-01
Point,IN,2007-12-07
Point,IN,2000-03-01
Point,IN,2000-03-01
Point,IN,2000-03-01
Point,IN,2000-03-01
Point,IN,2000-03-01
Point,IN,2007-02-08
Point,IN,2000-03-01
Point,IN,2000-03-01
Point,IN,2000-03-01
Point,IN,2000-03-01
Point,IN,2005-05-19
Point,IN,2000-03-01
Point,IN,2000-03-01
Point,IN,2008-11-22
Point,IN,2010-05-19
Point,IN,2000-03-01
Point,IN,2000-03-01
Point,IN,2000-03-01
Point,IN,2012-02-02
Point,IN,2012-02-22
Point,IN,2000-03-01
Point,IA,2002-10-30
Point,IA,2007-02-08
Point,IA,2007-02-08
Point,IA,2012-06-11
Point,IA,2012-06-11
Point,IA,2007-02-08
Point,IA,2005-09-07
Point,IA,2011-03-22
Point,IA,2000-03-01
Point,IA,2007-02-08
Point,IA,2000-03-01
Point,IA,2000-03-01
Point,IA,2007-02-08
Point,IA,2007-02-08
Point,IA,2008-06-19
Point,IA,2007-02-08
Point,IA,2000-03-01
Point,IA,2000-03-01
Point,IA,2012-03-21
Point,IA,2007-02-08
Point,IA,2010-03-23
Point,IA,2007-02-08
Point,IA,2000-03-01
Point,IA,2000-03-01
Point,IA,2007-02-08
Point,IA,2000-03-01
Point,IA,2000-03-01
Point,IA,2000-03-01
Point,IA,2000-03-01
Point,IA,2005-09-19
Point,IA,2007-02-08
Point,IA,2000-03-01
Point,IA,2007-02-08
Point,IA,2007-02-08
Point,IA,2000-03-01
Point,IA,2007-02-08
Point,IA,2000-03-01
Point,IA,2007-02-08
Point,IA,2000-03-01
Point,IA,2000-03-01
Point,IA,2007-02-17
Point,IA,2008-06-19
Point,IA,2000-03-01
Point,IA,2000-03-01
Point,IA,2000-03-01
Point,IA,2000-03-01
Point,IA,2005-09-19
Point,IA,2012-03-21
Point,IA,2000-03-01
Point,IA,2007-02-08
Point,IA,2000-03-01
Point,IA,2000-03-01
Point,IA,2007-02-08
Point,IA,2007-02-08
Point,IA,2007-02-08
Point,IA,2000-03-01
Point,IA,2000-03-01
Point,IA,2004-03-18
Point,IA,2007-02-08
Point,IA,2010-03-02
Point,IA,2010-03-02
Point,IA,2000-03-01
Point,IA,2007-02-08
Point,IA,2007-02-08
Point,IA,2007-02-08
Point,IA,2007-02-08
Point,IA,2010-03-02
Point,IA,2004-11-02
Point,IA,2004-11-02
Point,IA,2007-02-08
Point,IA,2000-03-01
Point,IA,2007-02-08
Point,IA,2010-03-02
Point,IA,2007-02-08
Point,IA,2007-02-08
Point,IA,2007-02-08
Point,IA,2010-03-23
Point,IA,2000-03-01
Point,IA,2008-06-19
Point,IA,2000-03-01
Point,IA,2004-04-12
Point,IA,2005-09-19
Point,IA,2000-03-01
Point,IA,2007-02-08
Point,IA,2000-03-01
Point,IA,2004-11-02
Point,IA,2000-03-01
Point,IA,2007-02-08
Point,IA,2007-02-08
Point,IA,2007-02-08
Point,IA,2007-02-08
Point,IA,2012-03-21
Point,IA,2000-03-01
Point,IA,2012-03-21
Point,IA,2014-02-27
Point,IA,2000-03-01
Point,IA,2008-06-19
Point,IA,2000-03-01
Point,IA,2000-03-01
Point,IA,2000-03-01
Point,IA,2010-03-02
Point,IA,2000-03-01
Point,IA,2007-02-08
Point,IA,2007-02-08
Point,IA,2012-03-21
Point,IA,2012-06-11
Point,IA,2008-06-19
Point,IA,2007-02-08
Point,IA,2014-02-27
Point,IA,2004-04-12
Point,IA,2005-09-19
Point,IA,2000-03-01
Point,IA,2007-02-08
Point,IA,2000-03-01
Point,IA,2000-03-01
Point,IA,2007-02-08
Point,IA,2000-03-01
Point,IA,2000-03-01
Point,IA,2000-03-01
Point,IA,2008-06-19
Point,IA,2007-02-08
Point,IA,2007-02-08
Point,IA,2000-03-01
Point,IA,2007-02-08
Point,IA,2014-02-27
Point,IA,2012-03-21
Point,IA,2007-02-08
Point,IA,2007-02-08
Point,IA,2004-12-03
Point,IA,2005-05-09
Point,IA,2000-03-01
Point,IA,2000-03-01
Point,IA,2000-03-01
Point,IA,2000-03-01
Point,IA,2007-02-08
Point,IA,2014-02-27
Point,IA,2010-03-23
Point,IA,2000-03-01
Point,IA,2005-09-19
Point,IA,2012-06-11
Point,IA,2012-06-11
Point,IA,2007-02-08
Point,IA,2012-06-11
Point,IA,2010-03-22
Point,IA,2007-02-08
Point,IA,2000-03-01
Point,IA,2007-02-08
Point,IA,2007-02-08
Point,IA,2000-03-01
Point,IA,2003-09-19
Point,IA,2010-03-22
Point,IA,2009-03-30
Point,IA,2000-03-01
Point,IA,2007-02-08
Point,IA,2008-06-19
Point,IA,2010-03-22
Point,IA,2007-02-08
Point,IA,2007-02-08
Point,IA,2002-10-30
Point,IA,2010-03-02
Point,IA,2007-02-08
Point,IA,2005-09-19
Point,IA,2012-06-11
Point,IA,2012-03-21
Point,IA,2012-06-11
Point,IA,2012-06-11
Point,IA,2012-06-11
Point,IA,2000-03-01
Point,IA,2000-03-01
Point,IA,2000-03-01
Point,IA,2000-03-01
Point,IA,2007-02-08
Point,IA,2007-02-08
Point,IA,2003-09-15
Point,IA,2000-03-01
Point,IA,2000-03-01
Point,KS,2004-04-20
Point,KS,2000-03-01
Point,KS,2004-04-20
Point,KS,2000-03-01
Point,KS,2007-02-08
Point,KS,2000-03-01
Point,KS,2003-04-11
Point,KS,2010-05-24
Point,KS,2007-02-08
Point,KS,2007-02-08
Point,KS,2000-03-01
Point,KS,2007-02-08
Point,KS,2004-04-20
Point,KS,2012-06-11
Point,KS,2007-02-08
Point,KS,2007-06-07
Point,KS,2000-03-01
Point,KS,2007-02-08
Point,KS,2000-03-01
Point,KS,2000-03-01
Point,KS,2007-06-05
Point,KS,2012-03-21
Point,KS,2012-06-11
Point,KS,2012-06-11
Point,KS,2000-03-01
Point,KS,2000-03-01
Point,KS,2004-04-20
Point,KS,2000-03-01
Point,KS,2004-01-27
Point,KS,2000-03-01
Point,KS,2000-03-01
Point,KS,2004-04-20
Point,KS,2000-03-01
Point,KS,2000-03-01
Point,KS,2000-03-01
Point,KS,2004-04-20
Point,KS,2007-02-08
Point,KS,2004-04-20
Point,KS,2004-04-20
Point,KS,2007-02-08
Point,KS,2003-04-11
Point,KS,2012-03-21
Point,KS,2010-03-23
Point,KS,2000-03-01
Point,KS,2012-03-21
Point,KS,2007-02-08
Point,KS,2004-04-20
Point,KS,2004-04-20
Point,KS,2004-04-20
Point,KS,2000-03-01
Point,KS,2000-03-01
Point,KS,2004-04-20
Point,KS,2007-02-08
Point,KS,2000-03-01
Point,KS,2000-03-01
Point,KS,2000-03-01
Point,KS,2004-04-20
Point,KS,2007-02-08
Point,KS,2007-06-07
Point,KS,2000-03-01
Point,KS,2009-03-30
Point,KS,2007-02-08
Point,KS,2004-04-20
Point,KS,2003-11-03
Point,KS,2000-03-01
Point,KS,2010-05-23
Point,KS,2000-03-01
Point,KS,2000-03-01
Point,KS,2004-04-20
Point,KS,2004-04-20
Point,KS,2000-03-01
Point,KS,2000-03-01
Point,KS,2000-03-01
Point,KS,2007-02-08
Point,KS,2000-03-01
Point,KS,2007-02-08
Point,KS,2012-06-11
Point,KS,2004-04-20
Point,KS,2000-03-01
Point,KS,2000-03-01
Point,KS,2004-04-20
Point,KS,2000-03-01
Point,KS,2000-03-01
Point,KS,2004-04-20
Point,KS,2007-02-08
Point,KS,2003-04-11
Point,KS,2000-03-01
Point,KS,2000-03-01
Point,KS,2004-04-20
Point,KS,2000-03-01
Point,KS,2000-03-01
Point,KS,2000-03-01
Point,KS,2000-03-01
Point,KS,2004-08-24
Point,KS,2010-05-23
Point,KS,2012-03-21
Point,KS,2004-04-20
Point,KS,2004-04-20
Point,KY,2004-04-12
Point,KY,2012-06-11
Point,KY,2010-03-22
Point,KY,2014-02-27
Point,KY,2007-02-08
Point,KY,2007-02-08
Point,KY,2000-03-01
Point,KY,2007-02-08
Point,KY,2007-02-08
Point,KY,2003-04-04
Point,KY,2000-03-01
Point,KY,2000-03-01
Point,KY,2000-03-01
Point,KY,2000-03-01
Point,KY,2007-02-08
Point,KY,2002-08-29
Point,KY,2007-02-08
Point,KY,2000-03-01
Point,KY,2000-03-01
Point,KY,2007-02-08
Point,KY,2010-03-22
Point,KY,2000-03-01
Point,KY,2000-03-01
Point,KY,2000-03-01
Point,KY,2000-03-01
Point,KY,2011-09-06
Point,KY,2011-09-06
Point,KY,2000-03-01
Point,KY,2000-03-01
Point,KY,2000-03-01
Point,KY,2000-03-01
Point,KY,2000-03-01
Point,KY,2000-03-01
Point,KY,2014-02-07
Point,KY,2000-03-01
Point,KY,2000-03-01
Point,KY,2000-03-01
Point,KY,2000-03-01
Point,KY,2010-03-23
Point,KY,2000-03-01
Point,KY,2000-03-01
Point,LA,2000-03-01
Point,LA,2000-03-01
Point,LA,2000-03-01
Point,LA,2000-03-01
Point,LA,2000-03-01
Point,LA,2008-03-26
Point,LA,2000-03-01
Point,LA,2000-03-01
Point,LA,2000-03-01
Point,LA,2000-03-01
Point,LA,2000-03-01
Point,LA,2007-02-08
Point,LA,2005-05-17
Point,LA,2007-02-08
Point,LA,2007-02-08
Point,LA,2008-03-26
Point,LA,2000-03-01
Point,LA,2000-03-01
Point,LA,2000-03-01
Point,LA,2000-03-01
Point,LA,2000-03-01
Point,LA,2000-03-01
Point,LA,2005-05-26
Point,LA,2010-03-22
Point,LA,2000-03-01
Point,LA,2007-04-27
Point,LA,2000-03-01
Point,LA,2000-03-01
Point,LA,2003-04-08
Point,LA,2000-03-01
Point,LA,2000-03-01
Point,LA,2000-03-01
Point,LA,2000-03-01
Point,LA,2011-09-06
Point,LA,2000-03-01
Point,LA,2010-03-23
Point,LA,2000-03-01
Point,LA,2004-05-25
Point,LA,2000-03-01
Point,LA,2000-03-01
Point,LA,2000-03-01
Point,LA,2000-03-01
Point,LA,2000-03-01
Point,LA,2002-10-31
Point,LA,2000-03-01
Point,LA,2000-03-01
Point,LA,2009-11-23
Point,LA,2000-03-01
Point,LA,2000-03-01
Point,LA,2000-03-01
Point,LA,2000-03-01
Point,LA,2000-03-01
Point,LA,2000-03-01
Point,LA,2000-03-01
Point,LA,2011-09-06
Point,LA,2005-11-28
Point,LA,2000-03-01
Point,LA,2000-03-01
Point,LA,2000-03-01
Point,LA,2007-02-08
Point,LA,2000-03-01
Point,LA,2000-03-01
Point,LA,2000-03-01
Point,LA,2000-03-01
Point,LA,2002-08-30
Point,ME,2007-02-08
Point,ME,2003-10-22
Point,ME,2000-03-01
Point,ME,2012-03-21
Point,ME,2000-03-01
Point,ME,2000-03-01
Point,ME,2000-03-01
Point,ME,2000-03-01
Point,ME,2006-09-15
Point,ME,2009-10-30
Point,ME,2011-03-22
Point,ME,2007-02-08
Point,ME,2002-12-23
Point,ME,2007-02-08
Point,ME,2007-02-08
Point,ME,2012-06-11
Point,ME,2010-12-01
Point,ME,2009-10-30
Point,ME,2007-02-08
Point,ME,2000-03-01
Point,ME,2007-02-08
Point,ME,2007-02-08
Point,ME,2007-02-08
Point,ME,2007-02-08
Point,ME,2007-02-08
Point,ME,2000-03-01
Point,ME,2000-03-01
Point,ME,2000-03-01
Point,ME,2004-04-12
Point,ME,2000-03-01
Point,ME,2000-03-01
Point,ME,2007-02-08
Point,ME,2007-02-08
Point,ME,2007-02-08
Point,ME,2007-02-08
Point,ME,2007-07-05
Point,ME,2007-02-08
Point,ME,2000-03-01
Point,ME,2004-04-12
Point,ME,2007-02-08
Point,ME,2007-02-08
Point,ME,2007-02-08
Point,ME,2007-02-08
Point,ME,2007-02-08
Point,ME,2004-05-17
Point,ME,2000-03-01
Point,ME,2007-02-08
Point,ME,2007-02-08
Point,ME,2007-02-08
Point,ME,2007-02-08
Point,ME,2007-02-08
Point,ME,2007-02-08
Point,ME,2007-02-08
Point,ME,2007-02-08
Point,ME,2007-02-08
Point,ME,2007-02-08
Point,ME,2007-02-08
Point,ME,2007-02-08
Point,ME,2007-02-08
Point,ME,2000-03-01
Point,ME,2005-04-11
Point,ME,2000-03-01
Point,ME,2012-06-11
Point,ME,2000-03-01
Point,ME,2000-03-01
Point,ME,2000-03-01
Point,ME,2007-02-08
Point,ME,2007-02-08
Point,ME,2000-03-01
Point,ME,2000-03-01
Point,ME,2007-02-08
Point,ME,2007-02-08
Point,ME,2000-03-01
Point,ME,2000-03-01
Point,MD,2000-03-01
Point,MD,2011-03-22
Point,MD,2000-03-01
Point,MD,2000-03-01
Point,MD,2014-02-27
Point,MD,2000-03-01
Point,MD,2000-03-01
Point,MD,2007-02-08
Point,MD,2007-02-08
Point,MD,2000-03-01
Point,MD,2000-03-01
Point,MD,2010-03-23
Point,MD,2000-03-01
Point,MD,2009-03-25
Point,MD,2009-03-25
Point,MD,2000-03-01
Point,MD,2000-03-01
Point,MD,2000-03-01
Point,MD,2010-03-23
Point,MD,2000-03-01
Point,MD,2007-02-08
Point,MD,2009-01-06
Point,MD,2007-02-08
Point,MD,2004-11-24
Point,MD,2000-03-01
Point,MD,2000-03-01
Point,MD,2006-06-24
Point,MD,2000-03-01
Point,MD,2012-03-21
Point,MD,2000-03-01
Point,MD,2000-03-01
Point,MD,2010-12-17
Point,MD,2000-03-01
Point,MD,2000-03-01
Point,MD,2004-11-24
Point,MD,2007-02-08
Point,MD,2000-03-01
Point,MD,2000-03-01
Point,MD,2000-03-01
Point,MD,2011-07-20
Point,MD,2000-03-01
Point,MD,2012-12-03
Point,MD,2000-03-01
Point,MA,2000-03-01
Point,MA,2006-01-24
Point,MA,2007-02-08
Point,MA,2006-01-24
Point,MA,2007-02-08
Point,MA,2007-02-08
Point,MA,2000-03-01
Point,MA,2000-03-01
Point,MA,2000-03-01
Point,MA,2003-02-10
Point,MA,2000-03-01
Point,MA,2011-03-22
Point,MA,2000-03-01
Point,MA,2000-03-01
Point,MA,2000-03-01
Point,MA,2005-12-01
Point,MA,2000-03-01
Point,MA,2000-03-01
Point,MA,2007-02-08
Point,MA,2000-03-01
Point,MA,2006-01-24
Point,MA,2012-06-11
Point,MA,2000-03-01
Point,MA,2000-03-01
Point,MA,2006-08-15
Point,MA,2000-03-01
Point,MA,2000-03-01
Point,MA,2000-03-01
Point,MA,2011-03-22
Point,MA,2004-03-20
Point,MA,2000-03-01
Point,MA,2000-03-01
Point,MA,2000-03-01
Point,MA,2000-03-01
Point,MA,2011-03-22
Point,MA,2012-06-25
Point,MA,2006-01-24
Point,MA,2007-02-08
Point,MA,2000-03-01
Point,MA,2000-03-01
Point,MA,2000-03-01
Point,MA,2012-03-21
Point,MA,2012-03-21
Point,MA,2007-02-08
Point,MA,2000-03-01
Point,MA,2003-05-30
Point,MA,2000-03-01
Point,MA,2007-02-08
Point,MA,2007-02-08
Point,MA,2000-03-01
Point,MA,2000-03-01
Point,MA,2000-03-01
Point,MA,2011-09-06
Point,MA,2011-03-22
Point,MA,2007-02-16
Point,MA,2004-04-12
Point,MA,2006-01-24
Point,MA,2000-03-01
Point,MA,2000-03-01
Point,MA,2005-06-29
Point,MA,2006-01-24
Point,MA,2000-03-01
Point,MA,2000-03-01
Point,MA,2011-09-29
Point,MA,2000-03-01
Point,MA,2012-03-21
Point,MA,2000-03-01
Point,MA,2012-03-21
Point,MA,2000-03-01
Point,MA,2000-03-01
Point,MA,2000-03-01
Point,MA,2000-03-01
Point,MA,2007-02-08
Point,MA,2007-02-08
Point,MA,2007-02-08
Point,MA,2012-03-21
Point,MA,2008-06-30
Point,MA,2008-06-30
Point,MA,2006-01-24
Point,MA,2000-03-01
Point,MA,2000-03-01
Point,MA,2000-03-01
Point,MA,2000-03-01
Point,MA,2007-02-08
Point,MA,2009-02-12
Point,MA,2007-02-08
Point,MA,2000-03-01
Point,MA,2006-01-24
Point,MA,2007-09-10
Point,MA,2000-03-01
Point,MA,2006-01-24
Point,MA,2007-02-08
Point,MA,2008-06-30
Point,MA,2000-03-01
Point,MA,2000-03-01
Point,MA,2012-06-02
Point,MA,2000-03-01
Point,MA,2009-07-01
Point,MA,2000-03-01
Point,MA,2012-03-21
Point,MA,2000-03-01
Point,MA,2000-03-01
Point,MA,2000-03-01
Point,MA,2012-03-21
Point,MI,2000-03-01
Point,MI,2003-12-04
Point,MI,2007-02-08
Point,MI,2000-03-01
Point,MI,2007-02-08
Point,MI,2000-03-01
Point,MI,2007-02-08
Point,MI,2007-02-08
Point,MI,2000-03-01
Point,MI,2000-03-01
Point,MI,2007-02-08
Point,MI,2000-03-01
Point,MI,2007-02-08
Point,MI,2007-02-08
Point,MI,2000-03-01
Point,MI,2007-02-08
Point,MI,2007-02-08
Point,MI,2000-03-01
Point,MI,2000-03-01
Point,MI,2000-03-01
Point,MI,2007-02-08
Point,MI,2000-03-01
Point,MI,2010-03-22
Point,MI,2010-03-22
Point,MI,2002-08-28
Point,MI,2000-03-01
Point,MI,2007-02-08
Point,MI,2000-03-01
Point,MI,2012-06-11
Point,MI,2000-03-01
Point,MI,2007-02-08
Point,MI,2010-05-19
Point,MI,2000-03-01
Point,MI,2007-02-08
Point,MI,2000-03-01
Point,MI,2000-03-01
Point,MI,2000-03-01
Point,MI,2007-02-08
Point,MI,2007-02-08
Point,MI,2000-03-01
Point,MI,2012-06-11
Point,MI,2007-02-08
Point,MI,2000-03-01
Point,MI,2007-02-08
Point,MI,2007-02-08
Point,MI,2007-02-08
Point,MI,2000-03-01
Point,MI,2000-03-01
Point,MI,2012-06-11
Point,MI,2007-02-08
Point,MI,2007-02-08
Point,MI,2007-02-08
Point,MI,2011-03-22
Point,MI,2000-03-01
Point,MI,2007-02-08
Point,MI,2000-03-01
Point,MI,2012-03-21
Point,MI,2005-05-19
Point,MI,2007-02-08
Point,MI,2010-05-23
Point,MI,2000-03-01
Point,MI,2007-02-08
Point,MI,2007-02-08
Point,MI,2010-05-20
Point,MI,2000-03-01
Point,MI,2007-02-08
Point,MI,2008-04-22
Point,MI,2000-03-01
Point,MI,2007-02-08
Point,MI,2007-02-08
Point,MI,2004-04-12
Point,MI,2007-02-08
Point,MI,2007-02-08
Point,MI,2013-01-30
Point,MI,2003-04-11
Point,MI,2000-03-01
Point,MI,2007-02-08
Point,MI,2007-02-08
Point,MI,2000-03-01
Point,MI,2007-02-08
Point,MI,2000-03-01
Point,MI,2007-02-08
Point,MI,2003-07-29
Point,MI,2000-03-01
Point,MI,2000-03-01
Point,MI,2007-02-08
Point,MI,2007-02-08
Point,MI,2007-02-08
Point,MI,2012-03-21
Point,MI,2000-03-01
Point,MI,2000-03-01
Point,MI,2003-12-04
Point,MI,2000-03-01
Point,MI,2004-04-12
Point,MI,2000-03-01
Point,MI,2000-03-01
Point,MI,2000-03-01
Point,MI,2007-02-08
Point,MI,2000-03-01
Point,MI,2012-06-11
Point,MI,2012-06-11
Point,MI,2007-02-08
Point,MI,2000-03-01
Point,MI,2007-02-08
Point,MI,2000-03-01
Point,MI,2000-03-01
Point,MI,2000-03-01
Point,MI,2005-11-04
Point,MI,2000-03-01
Point,MI,2000-03-01
Point,MI,2007-02-08
Point,MI,2000-03-01
Point,MI,2007-02-08
Point,MI,2000-03-01
Point,MI,2005-10-27
Point,MI,2007-02-08
Point,MI,2000-03-01
Point,MI,2000-03-01
Point,MI,2000-03-01
Point,MI,2000-03-01
Point,MI,2000-03-01
Point,MI,2007-02-08
Point,MI,2000-03-01
Point,MI,2007-02-08
Point,MI,2000-03-01
Point,MI,2000-03-01
Point,MI,2007-02-08
Point,MI,2007-02-08
Point,MI,2003-12-04
Point,MI,2007-02-08
Point,MI,2010-05-19
Point,MI,2007-02-08
Point,MI,2000-03-01
Point,MI,2003-10-29
Point,MI,2007-02-08
Point,MI,2007-02-08
Point,MI,2000-03-01
Point,MI,2007-02-08
Point,MI,2000-03-01
Point,MI,2000-03-01
Point,MI,2005-05-17
Point,MI,2000-03-01
Point,MI,2007-02-08
Point,MI,2007-02-08
Point,MI,2007-02-08
Point,MI,2007-02-08
Point,MI,2013-02-01
Point,MI,2000-03-01
Point,MI,2000-03-01
Point,MI,2007-02-08
Point,MI,2000-03-01
Point,MI,2004-04-12
Point,MI,2014-02-07
Point,MI,2000-03-01
Point,MI,2007-02-08
Point,MI,2014-03-24
Point,MI,2007-02-08
Point,MI,2007-02-08
Point,MI,2007-02-08
Point,MI,2007-02-08
Point,MI,2007-02-08
Point,MI,2007-02-08
Point,MI,2007-02-08
Point,MI,2007-02-08
Point,MI,2007-02-08
Point,MI,2007-02-08
Point,MI,2000-03-01
Point,MI,2007-02-08
Point,MI,2007-02-08
Point,MI,2007-02-08
Point,MI,2007-02-08
Point,MI,2006-09-19
Point,MI,2007-02-08
Point,MN,2009-03-30
Point,MN,2009-03-30
Point,MN,2009-03-30
Point,MN,2009-03-30
Point,MN,2009-03-30
Point,MN,2010-03-23
Point,MN,2007-02-08
Point,MN,2010-03-22
Point,MN,2010-03-23
Point,MN,2007-02-08
Point,MN,2012-06-11
Point,MN,2012-06-11
Point,MN,2012-06-11
Point,MN,2012-06-11
Point,MN,2012-06-11
Point,MN,2012-06-11
Point,MN,2007-02-08
Point,MN,2007-02-08
Point,MN,2007-02-08
Point,MN,2000-03-01
Point,MN,2010-03-23
Point,MN,2007-02-08
Point,MN,2007-02-08
Point,MN,2000-03-01
Point,MN,2012-06-11
Point,MN,2010-03-22
Point,MN,2007-02-08
Point,MN,2000-03-01
Point,MN,2000-03-01
Point,MN,2007-02-08
Point,MN,2007-02-08
Point,MN,2010-03-23
Point,MN,2010-03-23
Point,MN,2012-06-11
Point,MN,2012-03-21
Point,MN,2007-02-08
Point,MN,2007-02-08
Point,MN,2007-02-08
Point,MN,2007-02-08
Point,MN,2011-03-22
Point,MN,2007-02-08
Point,MN,2007-02-08
Point,MN,2007-02-08
Point,MN,2007-02-08
Point,MN,2010-03-23
Point,MN,2000-03-01
Point,MN,2007-02-08
Point,MN,2007-02-08
Point,MN,2012-03-21
Point,MN,2000-03-01
Point,MN,2007-02-08
Point,MN,2007-02-08
Point,MN,2012-06-11
Point,MN,2012-06-11
Point,MN,2012-06-11
Point,MN,2012-06-11
Point,MN,2007-02-08
Point,MN,2007-02-08
Point,MN,2007-02-08
Point,MN,2012-06-11
Point,MN,2012-06-11
Point,MN,2012-06-11
Point,MN,2012-06-11
Point,MN,2010-03-22
Point,MN,2009-04-13
Point,MN,2000-03-01
Point,MN,2000-03-01
Point,MN,2000-03-01
Point,MN,2012-06-11
Point,MN,2010-03-22
Point,MN,2000-03-01
Point,MN,2010-03-23
Point,MN,2010-03-23
Point,MN,2000-03-01
Point,MN,2000-03-01
Point,MN,2007-02-08
Point,MN,2002-11-15
Point,MN,2007-02-08
Point,MN,2000-03-01
Point,MN,2004-11-02
Point,MN,2010-05-21
Point,MN,2011-03-22
Point,MN,2000-03-01
Point,MN,2012-03-21
Point,MN,2012-06-11
Point,MN,2009-03-30
Point,MN,2000-03-01
Point,MN,2000-03-01
Point,MN,2000-03-01
Point,MN,2007-02-08
Point,MN,2000-03-01
Point,MN,2000-03-01
Point,MN,2000-03-01
Point,MN,2000-03-01
Point,MN,2000-03-01
Point,MN,2000-03-01
Point,MN,2008-04-22
Point,MN,2010-01-22
Point,MN,2000-03-01
Point,MN,2000-03-01
Point,MN,2012-06-11
Point,MN,2000-03-01
Point,MN,2000-03-01
Point,MN,2010-03-22
Point,MN,2007-02-08
Point,MN,2012-06-11
Point,MN,2012-06-11
Point,MN,2010-03-22
Point,MN,2004-04-12
Point,MN,2007-02-08
Point,MN,2000-03-01
Point,MN,2000-03-01
Point,MN,2000-03-01
Point,MN,2000-03-01
Point,MN,2011-03-22
Point,MN,2012-03-21
Point,MN,2000-03-01
Point,MN,2004-12-30
Point,MN,2000-03-01
Point,MN,2000-03-01
Point,MN,2007-02-08
Point,MN,2000-03-01
Point,MN,2007-02-08
Point,MN,2000-03-01
Point,MN,2007-02-08
Point,MN,2000-03-01
Point,MN,2000-03-01
Point,MN,2000-03-01
Point,MN,2007-02-08
Point,MN,2008-12-15
Point,MN,2000-03-01
Point,MN,2000-03-01
Point,MN,2010-03-23
Point,MN,2007-02-08
Point,MN,2012-03-21
Point,MN,2000-03-01
Point,MN,2000-03-01
Point,MN,2000-03-01
Point,MN,2007-02-08
Point,MN,2005-02-08
Point,MN,2000-03-01
Point,MN,2000-03-01
Point,MN,2000-03-01
Point,MN,2000-03-01
Point,MN,2000-03-01
Point,MN,2002-08-29
Point,MN,2000-03-01
Point,MN,2007-02-08
Point,MN,2000-03-01
Point,MN,2000-03-01
Point,MN,2000-03-01
Point,MN,2010-05-24
Point,MN,2000-03-01
Point,MN,2008-04-22
Point,MN,2000-03-01
Point,MN,2007-02-08
Point,MN,2000-03-01
Point,MN,2012-03-21
Point,MN,2007-02-08
Point,MN,2000-03-01
Point,MN,2007-02-08
Point,MN,2007-02-08
Point,MN,2007-02-08
Point,MN,2004-04-07
Point,MN,2000-03-01
Point,MN,2007-02-08
Point,MN,2010-03-10
Point,MN,2000-03-01
Point,MN,2007-02-08
Point,MN,2000-03-01
Point,MN,2000-03-01
Point,MN,2000-03-01
Point,MN,2008-04-22
Point,MN,2000-03-01
Point,MN,2012-03-21
Point,MN,2012-03-21
Point,MN,2012-06-11
Point,MN,2012-06-11
Point,MN,2000-03-01
Point,MN,2000-03-01
Point,MN,2007-02-08
Point,MN,2007-02-08
Point,MN,2000-03-01
Point,MN,2009-02-18
Point,MN,2000-03-01
Point,MN,2007-02-08
Point,MN,2007-02-08
Point,MN,2000-03-01
Point,MN,2007-02-08
Point,MN,2000-03-01
Point,MN,2000-03-01
Point,MN,2000-03-01
Point,MN,2007-02-08
Point,MN,2000-03-01
Point,MN,2000-03-01
Point,MN,2000-03-01
Point,MN,2009-12-03
Point,MS,2000-03-01
Point,MS,2004-04-12
Point,MS,2000-03-01
Point,MS,2000-03-01
Point,MS,2000-03-01
Point,MS,2012-06-11
Point,MS,2000-03-01
Point,MS,2000-03-01
Point,MS,2000-03-01
Point,MS,2000-03-01
Point,MS,2000-03-01
Point,MS,2000-03-01
Point,MS,2000-03-01
Point,MS,2000-03-01
Point,MS,2002-12-27
Point,MS,2000-03-01
Point,MS,2000-03-01
Point,MS,2000-03-01
Point,MS,2000-03-01
Point,MS,2004-04-12
Point,MS,2000-03-01
Point,MS,2005-05-17
Point,MS,2004-02-18
Point,MS,2010-09-09
Point,MS,2003-10-22
Point,MS,2007-02-08
Point,MS,2002-09-24
Point,MS,2000-03-01
Point,MS,2000-03-01
Point,MS,2007-02-08
Point,MS,2004-02-23
Point,MS,2010-05-20
Point,MS,2000-03-01
Point,MS,2000-03-01
Point,MS,2000-03-01
Point,MS,2014-02-07
Point,MS,2004-03-08
Point,MS,2000-03-01
Point,MS,2000-03-01
Point,MS,2000-03-01
Point,MO,2007-02-08
Point,MO,2011-11-28
Point,MO,2003-07-07
Point,MO,2007-02-08
Point,MO,2000-03-01
Point,MO,2000-03-01
Point,MO,2010-05-27
Point,MO,2000-03-01
Point,MO,2004-10-01
Point,MO,2007-02-08
Point,MO,2007-02-08
Point,MO,2000-03-01
Point,MO,2003-12-04
Point,MO,2000-03-01
Point,MO,2003-12-04
Point,MO,2007-02-08
Point,MO,2000-03-01
Point,MO,2007-02-08
Point,MO,2007-02-08
Point,MO,2007-02-08
Point,MO,2000-03-01
Point,MO,2000-03-01
Point,MO,2004-10-01
Point,MO,2007-02-08
Point,MO,2000-03-01
Point,MO,2000-03-01
Point,MO,2000-03-01
Point,MO,2007-02-08
Point,MO,2007-02-08
Point,MO,2010-03-22
Point,MO,2004-10-01
Point,MO,2000-03-01
Point,MO,2000-03-01
Point,MO,2014-02-07
Point,MO,2004-10-01
Point,MO,2004-10-01
Point,MO,2007-02-08
Point,MO,2007-02-08
Point,MO,2000-03-01
Point,MO,2000-03-01
Point,MO,2000-03-01
Point,MO,2007-02-08
Point,MO,2004-10-01
Point,MO,2007-02-08
Point,MO,2010-03-23
Point,MO,2010-03-23
Point,MO,2010-03-23
Point,MO,2010-03-23
Point,MO,2000-03-01
Point,MO,2000-03-01
Point,MO,2000-03-01
Point,MO,2000-03-01
Point,MO,2000-03-01
Point,MO,2000-03-01
Point,MO,2007-02-08
Point,MO,2000-03-01
Point,MO,2004-10-01
Point,MO,2010-03-10
Point,MO,2000-03-01
Point,MO,2004-10-01
Point,MO,2004-10-01
Point,MO,2007-02-08
Point,MO,2004-10-01
Point,MO,2000-03-01
Point,MO,2004-10-01
Point,MO,2007-02-08
Point,MO,2007-02-08
Point,MO,2007-02-08
Point,MO,2005-10-11
Point,MO,2005-10-11
Point,MO,2007-02-08
Point,MO,2007-02-08
Point,MO,2004-10-01
Point,MO,2004-10-01
Point,MO,2003-12-04
Point,MO,2004-10-01
Point,MO,2000-03-01
Point,MO,2000-03-01
Point,MO,2000-03-01
Point,MO,2000-03-01
Point,MO,2000-03-01
Point,MO,2000-03-01
Point,MO,2000-03-01
Point,MO,2000-03-01
Point,MO,2007-02-08
Point,MO,2004-10-01
Point,MO,2007-02-08
Point,MO,2007-02-08
Point,MO,2007-02-08
Point,MO,2007-02-08
Point,MO,2000-03-01
Point,MO,2004-10-01
Point,MO,2000-03-01
Point,MO,2000-03-01
Point,MO,2000-03-01
Point,MO,2000-03-01
Point,MT,2005-01-03
Point,MT,2010-05-24
Point,MT,2010-09-09
Point,MT,2010-09-09
Point,MT,2009-05-14
Point,MT,2008-11-23
Point,MT,2007-02-08
Point,MT,2008-08-21
Point,MT,2007-02-08
Point,MT,2007-02-08
Point,MT,2005-01-03
Point,MT,2010-03-23
Point,MT,2012-03-21
Point,MT,2007-02-08
Point,MT,2000-03-01
Point,MT,2011-09-06
Point,MT,2000-03-01
Point,MT,2007-02-08
Point,MT,2011-08-12
Point,MT,2007-02-08
Point,MT,2000-03-01
Point,MT,2007-02-08
Point,MT,2014-02-27
Point,MT,2012-06-11
Point,MT,2012-06-11
Point,MT,2010-03-22
Point,NE,2012-06-11
Point,NE,2000-03-01
Point,NE,2000-03-01
Point,NE,2000-03-01
Point,NE,2006-04-29
Point,NE,2000-03-01
Point,NE,2000-03-01
Point,NE,2007-02-08
Point,NE,2000-03-01
Point,NE,2007-02-08
Point,NE,2000-03-01
Point,NE,2009-11-19
Point,NE,2007-02-08
Point,NE,2007-02-08
Point,NE,2000-03-01
Point,NE,2007-02-08
Point,NE,2000-03-01
Point,NE,2010-05-23
Point,NE,2007-02-08
Point,NE,2007-02-08
Point,NE,2000-03-01
Point,NE,2000-03-01
Point,NE,2000-03-01
Point,NE,2007-02-08
Point,NE,2000-03-01
Point,NE,2000-03-01
Point,NE,2000-03-01
Point,NE,2010-05-24
Point,NE,2007-02-08
Point,NE,2000-03-01
Point,NE,2003-10-15
Point,NE,2007-02-08
Point,NE,2007-02-08
Point,NE,2009-02-13
Point,NE,2000-03-01
Point,NE,2000-03-01
Point,NE,2000-03-01
Point,NE,2000-03-01
Point,NE,2011-03-22
Point,NE,2007-02-08
Point,NE,2003-05-29
Point,NE,2000-03-01
Point,NE,2000-03-01
Point,NE,2007-02-08
Point,NE,2000-03-01
Point,NE,2000-03-01
Point,NE,2000-03-01
Point,NE,2000-03-01
Point,NE,2000-03-01
Point,NE,2000-03-01
Point,NE,2000-03-01
Point,NE,2007-02-08
Point,NE,2000-03-01
Point,NE,2008-02-28
Point,NE,2000-03-01
Point,NE,2000-03-01
Point,NE,2007-02-08
Point,NE,2000-03-01
Point,NE,2000-03-01
Point,NE,2000-03-01
Point,NE,2011-03-22
Point,NE,2000-03-01
Point,NE,2007-02-08
Point,NE,2000-03-01
Point,NE,2000-03-01
Point,NE,2000-03-01
Point,NE,2000-03-01
Point,NE,2007-02-08
Point,NE,2009-11-19
Point,NE,2000-03-01
Point,NE,2007-02-08
Point,NE,2007-02-08
Point,NE,2000-03-01
Point,NE,2000-03-01
Point,NV,2000-03-01
Point,NV,2010-12-14
Point,NV,2007-02-08
Point,NV,2010-05-26
Point,NV,2007-02-08
Point,NV,2006-12-21
Point,NV,2010-03-23
Point,NV,2000-03-01
Point,NV,2000-03-01
Point,NV,2000-03-01
Point,NV,2000-03-01
Point,NV,2000-03-01
Point,NV,2000-03-01
Point,NV,2000-03-01
Point,NV,2009-07-31
Point,NV,2007-02-08
Point,NV,2000-03-01
Point,NV,2000-03-01
Point,NV,2000-03-01
Point,NV,2000-03-01
Point,NV,2000-03-01
Point,NV,2006-12-21
Point,NV,2002-10-31
Point,NV,2006-02-04
Point,NV,2000-03-01
Point,NV,2000-03-01
Point,NV,2000-03-01
Point,NV,2011-12-20
Point,NV,2007-07-03
Point,NV,2005-05-19
Point,NV,2005-05-19
Point,NV,2011-01-25
Point,NH,2000-03-01
Point,NH,2007-02-08
Point,NH,2000-03-01
Point,NH,2007-02-08
Point,NH,2005-04-11
Point,NH,2007-02-08
Point,NH,2000-03-01
Point,NH,2004-04-12
Point,NH,2007-02-08
Point,NH,2007-02-08
Point,NH,2000-03-01
Point,NH,2000-03-01
Point,NH,2000-03-01
Point,NH,2007-02-08
Point,NH,2007-02-08
Point,NH,2005-04-11
Point,NH,2000-03-01
Point,NH,2003-09-19
Point,NH,2005-04-11
Point,NH,2007-02-08
Point,NH,2007-02-08
Point,NH,2000-03-01
Point,NH,2007-02-08
Point,NH,2007-02-08
Point,NH,2012-05-09
Point,NH,2000-03-01
Point,NH,2000-03-01
Point,NH,2009-02-12
Point,NH,2007-02-08
Point,NH,2007-02-08
Point,NH,2000-03-01
Point,NH,2000-03-01
Point,NH,2004-05-03
Point,NH,2007-02-08
Point,NH,2000-03-01
Point,NH,2011-05-27
Point,NH,2005-04-11
Point,NH,2011-05-27
Point,NH,2011-05-27
Point,NH,2000-03-01
Point,NH,2007-02-08
Point,NH,2007-02-08
Point,NH,2007-02-08
Point,NH,2000-03-01
Point,NH,2000-03-01
Point,NJ,2003-07-11
Point,NJ,2000-03-01
Point,NJ,2005-12-12
Point,NJ,2007-11-03
Point,NJ,2000-03-01
Point,NJ,2000-03-01
Point,NJ,2012-03-21
Point,NJ,2000-03-01
Point,NJ,2000-03-01
Point,NJ,2010-02-08
Point,NJ,2003-07-11
Point,NJ,2003-07-29
Point,NJ,2000-03-01
Point,NJ,2000-03-01
Point,NJ,2000-03-01
Point,NJ,2000-03-01
Point,NJ,2000-03-01
Point,NJ,2007-02-08
Point,NJ,2000-03-01
Point,NJ,2000-03-01
Point,NJ,2000-03-01
Point,NJ,2012-03-21
Point,NJ,2011-09-06
Point,NJ,2007-02-08
Point,NJ,2000-03-01
Point,NJ,2000-03-01
Point,NJ,2010-05-22
Point,NJ,2000-03-01
Point,NJ,2007-02-08
Point,NJ,2007-02-08
Point,NJ,2007-02-08
Point,NJ,2000-03-01
Point,NJ,2000-03-01
Point,NJ,2011-03-22
Point,NJ,2000-03-01
Point,NJ,2012-03-21
Point,NJ,2005-05-19
Point,NJ,2009-01-06
Point,NJ,2000-03-01
Point,NJ,2012-06-15
Point,NJ,2010-03-23
Point,NJ,2012-03-21
Point,NJ,2000-03-01
Point,NJ,2010-05-26
Point,NJ,2005-12-12
Point,NJ,2000-03-01
Point,NJ,2007-06-11
Point,NJ,2000-03-01
Point,NJ,2007-06-11
Point,NJ,2000-03-01
Point,NJ,2012-03-21
Point,NJ,2011-03-22
Point,NJ,2000-03-01
Point,NJ,2005-01-21
Point,NJ,2000-03-01
Point,NJ,2014-02-27
Point,NJ,2000-03-01
Point,NJ,2007-05-11
Point,NJ,2005-05-19
Point,NJ,2000-03-01
Point,NJ,2014-02-27
Point,NJ,2012-03-21
Point,NJ,2012-03-21
Point,NJ,2012-03-21
Point,NJ,2010-10-08
Point,NJ,2012-03-21
Point,NJ,2012-03-21
Point,NJ,2012-03-21
Point,NJ,2007-02-08
Point,NJ,2000-03-01
Point,NJ,2010-03-23
Point,NJ,2003-07-11
Point,NJ,2010-07-06
Point,NJ,2003-07-11
Point,NJ,2010-03-22
Point,NJ,2005-05-17
Point,NJ,2000-03-01
Point,NJ,2000-03-01
Point,NJ,2012-09-17
Point,NJ,2011-09-06
Point,NJ,2003-07-11
Point,NJ,2005-05-27
Point,NJ,2000-03-01
Point,NJ,2000-03-01
Point,NJ,2000-03-01
Point,NJ,2000-03-01
Point,NJ,2000-03-01
Point,NJ,2004-04-12
Point,NJ,2012-03-21
Point,NJ,2010-03-22
Point,NJ,2011-03-22
Point,NJ,2005-07-20
Point,NJ,2000-03-01
Point,NJ,2012-03-21
Point,NJ,2000-03-01
Point,NJ,2000-03-01
Point,NM,2010-09-14
Point,NM,2000-03-01
Point,NM,2007-02-08
Point,NM,2005-09-19
Point,NM,2003-05-17
Point,NM,2000-03-01
Point,NM,2000-03-01
Point,NM,2010-09-14
Point,NM,2000-03-01
Point,NM,2012-03-21
Point,NM,2000-03-01
Point,NM,2000-03-01
Point,NM,2009-03-30
Point,NM,2012-06-11
Point,NM,2012-06-11
Point,NM,2000-03-01
Point,NM,2012-03-21
Point,NM,2000-03-01
Point,NM,2010-03-22
Point,NM,2009-06-30
Point,NM,2006-11-02
Point,NM,2002-08-29
Point,NM,2007-02-08
Point,NM,2012-03-21
Point,NM,2005-06-01
Point,NM,2012-03-21
Point,NM,2006-11-02
Point,NM,2000-03-01
Point,NM,2010-09-14
Point,NM,2000-03-01
Point,NM,2000-03-01
Point,NY,2007-02-08
Point,NY,2004-11-19
Point,NY,2004-11-19
Point,NY,2000-03-01
Point,NY,2000-03-01
Point,NY,2000-03-01
Point,NY,2007-02-08
Point,NY,2000-03-01
Point,NY,2004-11-22
Point,NY,2000-03-01
Point,NY,2000-03-01
Point,NY,2000-03-01
Point,NY,2000-03-01
Point,NY,2007-02-08
Point,NY,2011-09-06
Point,NY,2011-09-06
Point,NY,2004-11-22
Point,NY,2004-11-22
Point,NY,2000-03-01
Point,NY,2007-02-08
Point,NY,2007-02-08
Point,NY,2007-02-08
Point,NY,2004-11-19
Point,NY,2004-11-19
Point,NY,2000-03-01
Point,NY,2000-03-01
Point,NY,2000-03-01
Point,NY,2000-03-01
Point,NY,2000-03-01
Point,NY,2000-03-01
Point,NY,2000-03-01
Point,NY,2008-04-11
Point,NY,2000-03-01
Point,NY,2000-03-01
Point,NY,2008-04-11
Point,NY,2004-11-22
Point,NY,2000-03-01
Point,NY,2000-03-01
Point,NY,2000-03-01
Point,NY,2000-03-01
Point,NY,2000-03-01
Point,NY,2000-03-01
Point,NY,2004-11-19
Point,NY,2000-03-01
Point,NY,2000-03-01
Point,NY,2010-09-10
Point,NY,2007-02-08
Point,NY,2007-02-08
Point,NY,2007-02-08
Point,NY,2007-02-08
Point,NY,2000-03-01
Point,NY,2012-03-21
Point,NY,2007-02-08
Point,NY,2004-11-22
Point,NY,2000-03-01
Point,NY,2010-03-23
Point,NY,2007-02-08
Point,NY,2000-03-01
Point,NY,2007-02-08
Point,NY,2004-11-22
Point,NY,2000-03-01
Point,NY,2007-02-08
Point,NY,2010-03-23
Point,NY,2010-03-22
Point,NY,2000-03-01
Point,NY,2000-03-01
Point,NY,2011-03-22
Point,NY,2000-03-01
Point,NY,2000-03-01
Point,NY,2010-03-23
Point,NY,2011-03-22
Point,NY,2007-02-08
Point,NY,2002-11-20
Point,NY,2010-03-22
Point,NY,2000-03-01
Point,NY,2000-03-01
Point,NY,2000-03-01
Point,NY,2000-03-01
Point,NY,2000-03-01
Point,NY,2000-03-01
Point,NY,2000-03-01
Point,NY,2004-11-19
Point,NY,2011-03-22
Point,NY,2007-02-08
Point,NY,2010-03-23
Point,NY,2000-03-01
Point,NY,2013-09-06
Point,NY,2000-03-01
Point,NY,2000-03-01
Point,NY,2000-03-01
Point,NY,2000-03-01
Point,NY,2007-02-08
Point,NY,2000-03-01
Point,NY,2007-02-08
Point,NY,2000-03-01
Point,NY,2000-03-01
Point,NY,2000-03-01
Point,NY,2000-03-01
Point,NY,2007-02-08
Point,NY,2000-03-01
Point,NY,2007-02-08
Point,NY,2000-03-01
Point,NY,2011-03-22
Point,NY,2007-02-08
Point,NY,2007-02-08
Point,NY,2007-02-08
Point,NY,2007-02-08
Point,NY,2004-11-19
Point,NY,2000-03-01
Point,NY,2000-03-01
Point,NY,2007-02-08
Point,NY,2007-02-08
Point,NY,2007-02-08
Point,NY,2007-02-08
Point,NY,2004-11-19
Point,NY,2007-02-08
Point,NY,2009-03-30
Point,NY,2007-02-08
Point,NY,2000-03-01
Point,NY,2007-02-08
Point,NY,2007-02-08
Point,NY,2007-02-08
Point,NY,2007-10-22
Point,NY,2010-03-23
Point,NY,2007-02-08
Point,NY,2007-02-08
Point,NY,2012-03-21
Point,NY,2010-03-23
Point,NY,2010-03-23
Point,NY,2007-02-08
Point,NY,2007-02-08
Point,NY,2007-02-08
Point,NY,2007-02-08
Point,NY,2000-03-01
Point,NY,2012-06-11
Point,NY,2010-03-23
Point,NY,2007-02-08
Point,NY,2000-03-01
Point,NY,2000-03-01
Point,NY,2004-11-22
Point,NY,2000-03-01
Point,NY,2007-02-08
Point,NY,2004-11-22
Point,NY,2000-03-01
Point,NY,2007-02-08
Point,NY,2007-02-08
Point,NY,2000-03-01
Point,NY,2000-03-01
Point,NY,2000-03-01
Point,NY,2000-03-01
Point,NY,2000-03-01
Point,NY,2011-03-22
Point,NY,2007-02-08
Point,NY,2007-02-08
Point,NY,2007-02-08
Point,NY,2007-02-08
Point,NY,2007-02-08
Point,NY,2004-11-19
Point,NY,2007-02-08
Point,NY,2000-03-01
Point,NY,2000-03-01
Point,NY,2007-02-08
Point,NY,2003-03-05
Point,NY,2004-11-20
Point,NY,2000-03-01
Point,NY,2000-03-01
Point,NY,2000-03-01
Point,NY,2000-03-01
Point,NY,2005-04-25
Point,NY,2000-03-01
Point,NY,2007-02-08
Point,NY,2010-03-23
Point,NY,2007-02-08
Point,NY,2007-02-08
Point,NY,2007-02-08
Point,NY,2007-02-08
Point,NY,2007-02-08
Point,NY,2007-02-08
Point,NY,2007-02-08
Point,NY,2009-02-12
Point,NY,2011-03-22
Point,NY,2007-10-22
Point,NY,2003-10-20
Point,NY,2007-02-08
Point,NY,2007-02-08
Point,NY,2011-03-22
Point,NY,2000-03-01
Point,NY,2007-02-08
Point,NY,2007-02-08
Point,NY,2007-02-08
Point,NY,2000-03-01
Point,NY,2000-03-01
Point,NY,2007-02-08
Point,NY,2007-02-08
Point,NY,2007-02-08
Point,NY,2010-03-22
Point,NY,2000-03-01
Point,NY,2007-02-08
Point,NY,2007-02-08
Point,NY,2012-03-21
Point,NY,2000-03-01
Point,NY,2004-11-22
Point,NY,2005-11-30
Point,NY,2007-02-08
Point,NY,2004-03-11
Point,NY,2007-02-08
Point,NY,2004-11-22
Point,NY,2000-03-01
Point,NY,2010-09-14
Point,NY,2000-03-01
Point,NY,2010-03-22
Point,NY,2012-03-21
Point,NY,2000-03-01
Point,NY,2000-03-01
Point,NY,2004-11-19
Point,NY,2011-09-06
Point,NY,2004-11-19
Point,NY,2010-03-10
Point,NY,2000-03-01
Point,NY,2007-02-08
Point,NY,2000-03-01
Point,NY,2000-03-01
Point,NY,2007-02-08
Point,NY,2011-03-22
Point,NY,2004-11-22
Point,NY,2009-10-23
Point,NY,2000-03-01
Point,NY,2000-03-01
Point,NY,2010-03-23
Point,NY,2010-03-23
Point,NY,2010-03-23
Point,NY,2010-03-23
Point,NY,2007-02-08
Point,NY,2000-03-01
Point,NY,2007-02-08
Point,NY,2007-02-08
Point,NY,2004-11-20
Point,NY,2007-02-08
Point,NY,2000-03-01
Point,NY,2000-03-01
Point,NY,2000-03-01
Point,NY,2000-03-01
Point,NY,2007-02-08
Point,NY,2007-02-08
Point,NY,2007-02-08
Point,NY,2000-03-01
Point,NY,2000-03-01
Point,NY,2000-03-01
Point,NY,2000-03-01
Point,NY,2007-02-08
Point,NY,2000-03-01
Point,NY,2007-02-08
Point,NY,2007-02-08
Point,NY,2000-03-01
Point,NY,2000-03-01
Point,NY,2000-03-01
Point,NY,2007-02-08
Point,NY,2007-02-08
Point,NY,2000-03-01
Point,NY,2007-02-08
Point,NY,2000-03-01
Point,NY,2007-02-08
Point,NY,2007-02-08
Point,NY,2000-03-01
Point,NY,2007-02-08
Point,NY,2007-02-08
Point,NY,2007-02-08
Point,NC,2007-02-08
Point,NC,2007-02-08
Point,NC,2010-03-23
Point,NC,2010-03-22
Point,NC,2012-06-11
Point,NC,2010-03-22
Point,NC,2007-02-08
Point,NC,2007-02-08
Point,NC,2007-02-08
Point,NC,2014-02-27
Point,NC,2012-03-21
Point,NC,2007-02-08
Point,NC,2000-03-01
Point,NC,2012-06-11
Point,NC,2010-03-23
Point,NC,2000-03-01
Point,NC,2000-03-01
Point,NC,2000-03-01
Point,NC,2006-08-15
Point,NC,2007-02-08
Point,NC,2000-03-01
Point,NC,2000-03-01
Point,NC,2011-03-22
Point,NC,2007-02-08
Point,NC,2012-03-21
Point,NC,2012-06-11
Point,NC,2007-02-08
Point,NC,2012-03-21
Point,NC,2007-02-08
Point,NC,2000-03-01
Point,NC,2000-03-01
Point,NC,2007-02-08
Point,NC,2005-12-01
Point,NC,2000-03-01
Point,NC,2000-03-01
Point,NC,2000-03-01
Point,NC,2005-01-21
Point,NC,2010-03-23
Point,NC,2007-02-08
Point,NC,2005-05-20
Point,NC,2012-03-21
Point,NC,2006-05-18
Point,NC,2005-06-22
Point,NC,2007-02-08
Point,NC,2007-02-08
Point,NC,2005-07-28
Point,NC,2000-03-01
Point,NC,2004-10-26
Point,NC,2010-03-22
Point,NC,2000-03-01
Point,NC,2010-03-22
Point,NC,2000-03-01
Point,NC,2010-03-23
Point,NC,2010-03-22
Point,NC,2000-03-01
Point,NC,2007-02-08
Point,NC,2000-03-01
Point,NC,2007-02-08
Point,NC,2011-03-22
Point,NC,2011-03-22
Point,NC,2000-03-01
Point,NC,2007-02-08
Point,NC,2012-06-11
Point,NC,2007-02-08
Point,NC,2006-04-04
Point,NC,2010-03-10
Point,NC,2004-10-26
Point,NC,2006-06-24
Point,NC,2009-10-26
Point,NC,2011-03-22
Point,NC,2007-02-08
Point,NC,2000-03-01
Point,NC,2007-02-08
Point,NC,2007-10-22
Point,NC,2007-02-08
Point,NC,2007-02-08
Point,NC,2000-03-01
Point,NC,2007-02-08
Point,NC,2000-03-01
Point,NC,2000-03-01
Point,NC,2007-02-08
Point,NC,2004-10-26
Point,NC,2009-06-30
Point,NC,2007-02-08
Point,NC,2007-02-08
Point,NC,2012-03-21
Point,NC,2012-03-21
Point,NC,2007-02-08
Point,NC,2007-02-08
Point,NC,2007-02-08
Point,NC,2010-03-23
Point,NC,2000-03-01
Point,NC,2000-03-01
Point,NC,2011-09-06
Point,NC,2000-03-01
Point,NC,2000-03-01
Point,NC,2000-03-01
Point,NC,2000-03-01
Point,NC,2000-03-01
Point,NC,2000-03-01
Point,NC,2000-03-01
Point,NC,2000-03-01
Point,NC,2000-03-01
Point,NC,2000-03-01
Point,NC,2000-03-01
Point,NC,2004-04-02
Point,NC,2010-10-20
Point,NC,2007-12-07
Point,NC,2007-12-07
Point,NC,2012-06-11
Point,NC,2004-10-26
Point,NC,2000-03-01
Point,NC,2007-02-08
Point,NC,2000-03-01
Point,NC,2012-06-11
Point,NC,2000-03-01
Point,NC,2000-03-01
Point,NC,2000-03-01
Point,NC,2007-02-08
Point,NC,2004-10-26
Point,NC,2000-03-01
Point,NC,2000-03-01
Point,NC,2000-03-01
Point,NC,2008-11-23
Point,NC,2005-09-01
Point,NC,2010-05-07
Point,NC,2000-03-01
Point,NC,2007-02-08
Point,NC,2000-03-01
Point,NC,2003-03-24
Point,NC,2007-02-08
Point,NC,2012-03-21
Point,ND,2008-06-05
Point,ND,2012-06-11
Point,ND,2007-02-08
Point,ND,2007-02-08
Point,ND,2007-02-20
Point,ND,2002-12-27
Point,ND,2012-06-11
Point,ND,2010-03-23
Point,ND,2012-03-21
Point,ND,2012-06-11
Point,ND,2000-03-01
Point,ND,2005-06-17
Point,ND,2007-02-08
Point,ND,2006-09-15
Point,ND,2005-06-17
Point,ND,2011-03-22
Point,ND,2000-03-01
Point,ND,2010-03-22
Point,ND,2010-03-22
Point,ND,2000-03-01
Point,ND,2000-03-01
Point,ND,2000-03-01
Point,ND,2010-03-23
Point,ND,2009-03-30
Point,ND,2012-06-11
Point,ND,2011-03-22
Point,ND,2000-03-01
Point,ND,2000-03-01
Point,OH,2000-03-01
Point,OH,2007-02-08
Point,OH,2000-03-01
Point,OH,2000-03-01
Point,OH,2007-02-08
Point,OH,2000-03-01
Point,OH,2000-03-01
Point,OH,2007-02-08
Point,OH,2007-02-08
Point,OH,2014-02-27
Point,OH,2012-03-21
Point,OH,2007-02-08
Point,OH,2007-02-08
Point,OH,2000-03-01
Point,OH,2000-03-01
Point,OH,2000-03-01
Point,OH,2000-03-01
Point,OH,2000-03-01
Point,OH,2007-02-08
Point,OH,2000-03-01
Point,OH,2000-03-01
Point,OH,2000-03-01
Point,OH,2007-02-08
Point,OH,2000-03-01
Point,OH,2000-03-01
Point,OH,2000-03-01
Point,OH,2007-02-08
Point,OH,2000-03-01
Point,OH,2010-05-25
Point,OH,2000-03-01
Point,OH,2000-03-01
Point,OH,2000-03-01
Point,OH,2000-03-01
Point,OH,2010-03-22
Point,OH,2000-03-01
Point,OH,2000-03-01
Point,OH,2011-03-22
Point,OH,2000-03-01
Point,OH,2003-09-11
Point,OH,2010-03-22
Point,OH,2003-03-26
Point,OH,2012-06-11
Point,OH,2012-06-11
Point,OH,2007-02-08
Point,OH,2011-03-22
Point,OH,2000-03-01
Point,OH,2000-03-01
Point,OH,2000-03-01
Point,OH,2007-02-08
Point,OH,2000-03-01
Point,OH,2014-02-27
Point,OH,2011-03-22
Point,OH,2000-03-01
Point,OH,2000-03-01
Point,OH,2000-03-01
Point,OH,2000-03-01
Point,OH,2004-05-18
Point,OH,2000-03-01
Point,OH,2000-03-01
Point,OH,2011-09-06
Point,OH,2000-03-01
Point,OH,2003-03-26
Point,OH,2000-03-01
Point,OH,2012-03-21
Point,OH,2000-03-01
Point,OH,2000-03-01
Point,OH,2013-11-04
Point,OH,2000-03-01
Point,OH,2012-12-03
Point,OH,2007-02-08
Point,OH,2000-03-01
Point,OH,2000-03-01
Point,OH,2000-03-01
Point,OH,2012-03-21
Point,OH,2012-03-21
Point,OH,2000-03-01
Point,OH,2000-03-01
Point,OH,2000-03-01
Point,OH,2000-03-01
Point,OH,2012-03-21
Point,OH,2000-03-01
Point,OH,2000-03-01
Point,OH,2000-03-01
Point,OH,2000-03-01
Point,OH,2007-02-08
Point,OH,2012-12-03
Point,OH,2005-01-19
Point,OH,2000-03-01
Point,OH,2000-03-01
Point,OH,2000-03-01
Point,OH,2011-09-06
Point,OH,2011-09-06
Point,OH,2011-10-28
Point,OH,2000-03-01
Point,OH,2000-03-01
Point,OH,2000-03-01
Point,OH,2000-03-01
Point,OH,2000-03-01
Point,OH,2007-02-08
Point,OH,2007-02-08
Point,OH,2000-03-01
Point,OH,2000-03-01
Point,OH,2000-03-01
Point,OH,2000-03-01
Point,OH,2000-03-01
Point,OH,2004-02-18
Point,OH,2007-02-08
Point,OH,2012-02-22
Point,OH,2013-01-24
Point,OH,2000-03-01
Point,OH,2000-03-01
Point,OH,2007-02-08
Point,OH,2002-10-31
Point,OH,2004-05-13
Point,OH,2010-03-22
Point,OH,2000-03-01
Point,OH,2000-03-01
Point,OH,2011-09-06
Point,OK,2000-03-01
Point,OK,2000-03-01
Point,OK,2012-03-21
Point,TX,2010-03-23
Point,OK,2010-03-22
Point,OK,2000-03-01
Point,OK,2007-02-08
Point,OK,2000-03-01
Point,OK,2000-03-01
Point,OK,2000-03-01
Point,OK,2000-03-01
Point,OK,2012-03-21
Point,OK,2014-02-27
Point,OK,2000-03-01
Point,OK,2014-02-27
Point,OK,2000-03-01
Point,OK,2000-03-01
Point,OK,2000-03-01
Point,OK,2007-02-08
Point,OK,2000-03-01
Point,OK,2011-10-28
Point,OK,2007-02-08
Point,OK,2000-03-01
Point,OK,2000-03-01
Point,OK,2000-03-01
Point,OK,2005-01-21
Point,OK,2007-02-08
Point,OK,2006-01-30
Point,OK,2010-09-15
Point,OK,2005-05-19
Point,OK,2000-03-01
Point,OK,2000-03-01
Point,OK,2000-03-01
Point,OK,2000-03-01
Point,OK,2000-03-01
Point,OK,2000-03-01
Point,OK,2004-04-12
Point,OK,2000-03-01
Point,OK,2000-03-01
Point,OK,2000-03-01
Point,OK,2007-02-08
Point,OK,2000-03-01
Point,OR,2000-03-01
Point,OR,2000-03-01
Point,OR,2007-02-08
Point,OR,2007-02-08
Point,OR,2000-03-01
Point,OR,2000-03-01
Point,OR,2000-03-01
Point,OR,2009-08-03
Point,OR,2000-03-01
Point,OR,2007-02-08
Point,OR,2007-02-08
Point,OR,2000-03-01
Point,OR,2007-02-08
Point,OR,2007-02-08
Point,OR,2007-02-08
Point,OR,2002-08-28
Point,OR,2012-06-11
Point,OR,2012-06-11
Point,OR,2012-06-11
Point,OR,2012-06-11
Point,OR,2007-02-08
Point,OR,2010-03-23
Point,OR,2007-02-08
Point,OR,2007-02-08
Point,OR,2007-02-08
Point,OR,2007-02-08
Point,OR,2000-03-01
Point,OR,2012-06-11
Point,OR,2011-03-22
Point,OR,2012-06-11
Point,OR,2012-06-11
Point,OR,2012-06-11
Point,OR,2012-06-11
Point,OR,2012-03-21
Point,OR,2012-03-21
Point,OR,2012-06-11
Point,OR,2000-03-01
Point,OR,2000-03-01
Point,OR,2000-03-01
Point,OR,2012-06-11
Point,OR,2010-03-22
Point,OR,2009-01-08
Point,OR,2000-03-01
Point,OR,2012-06-11
Point,OR,2010-03-22
Point,OR,2007-02-08
Point,OR,2011-03-22
Point,OR,2009-03-30
Point,OR,2010-03-22
Point,OR,2003-04-22
Point,OR,2012-03-21
Point,OR,2009-01-08
Point,OR,2000-03-01
Point,OR,2000-03-01
Point,OR,2007-02-08
Point,OR,2012-03-21
Point,OR,2007-02-08
Point,OR,2000-03-01
Point,OR,2000-03-01
Point,OR,2007-02-08
Point,OR,2012-03-21
Point,OR,2011-09-06
Point,OR,2011-09-06
Point,OR,2014-02-27
Point,OR,2003-04-22
Point,OR,2003-04-22
Point,OR,2007-02-08
Point,OR,2007-02-08
Point,OR,2000-03-01
Point,OR,2007-02-08
Point,OR,2007-02-08
Point,OR,2007-02-08
Point,OR,2007-02-08
Point,OR,2007-02-08
Point,OR,2007-02-08
Point,OR,2007-02-08
Point,OR,2010-03-22
Point,OR,2003-04-22
Point,PA,2007-02-08
Point,PA,2007-02-08
Point,PA,2000-03-01
Point,PA,2000-03-01
Point,PA,2000-03-01
Point,PA,2000-03-01
Point,PA,2007-02-08
Point,PA,2007-02-08
Point,PA,2000-03-01
Point,PA,2000-03-01
Point,PA,2014-02-07
Point,PA,2000-03-01
Point,PA,2000-03-01
Point,PA,2007-02-08
Point,PA,2009-03-25
Point,PA,2000-03-01
Point,PA,2000-03-01
Point,PA,2007-02-08
Point,PA,2007-02-08
Point,PA,2000-03-01
Point,PA,2000-03-01
Point,PA,2010-09-13
Point,PA,2000-03-01
Point,PA,2000-03-01
Point,PA,2000-03-01
Point,PA,2004-06-16
Point,PA,2000-03-01
Point,PA,2004-04-12
Point,PA,2011-03-22
Point,PA,2000-03-01
Point,PA,2000-03-01
Point,PA,2000-03-01
Point,PA,2000-03-01
Point,PA,2000-03-01
Point,PA,2000-03-01
Point,PA,2012-06-11
Point,PA,2012-06-11
Point,PA,2002-08-29
Point,PA,2012-03-21
Point,PA,2000-03-01
Point,PA,2007-02-08
Point,PA,2000-03-01
Point,PA,2004-06-16
Point,PA,2000-03-01
Point,PA,2000-03-01
Point,PA,2000-03-01
Point,PA,2007-02-08
Point,PA,2000-03-01
Point,PA,2009-03-11
Point,PA,2000-03-01
Point,PA,2000-03-01
Point,PA,2007-02-08
Point,PA,2000-03-01
Point,PA,2012-06-11
Point,PA,2005-01-25
Point,PA,2000-03-01
Point,PA,2003-04-11
Point,PA,2007-02-08
Point,PA,2000-03-01
Point,PA,2000-03-01
Point,PA,2004-04-12
Point,PA,2000-03-01
Point,PA,2000-03-01
Point,PA,2000-03-01
Point,PA,2000-03-01
Point,PA,2000-03-01
Point,PA,2000-03-01
Point,PA,2000-03-01
Point,PA,2000-03-01
Point,PA,2014-02-27
Point,PA,2000-03-01
Point,PA,2000-03-01
Point,PA,2012-03-21
Point,PA,2010-03-23
Point,PA,2000-03-01
Point,PA,2000-03-01
Point,PA,2000-03-01
Point,PA,2007-02-08
Point,PA,2000-03-01
Point,PA,2000-03-01
Point,PA,2012-03-21
Point,PA,2010-03-22
Point,PA,2000-03-01
Point,PA,2000-03-01
Point,PA,2000-03-01
Point,PA,2000-03-01
Point,PA,2000-03-01
Point,PA,2000-03-01
Point,PA,2000-03-01
Point,PA,2000-03-01
Point,PA,2010-05-21
Point,PA,2004-10-22
Point,PA,2000-03-01
Point,PA,2000-03-01
Point,PA,2000-03-01
Point,PA,2004-02-13
Point,PA,2011-03-22
Point,PA,2000-03-01
Point,PA,2007-02-08
Point,PA,2005-07-20
Point,PA,2004-04-12
Point,PA,2000-03-01
Point,PA,2007-02-08
Point,PA,2000-03-01
Point,PA,2012-03-21
Point,PA,2000-03-01
Point,PA,2007-02-08
Point,PA,2008-04-11
Point,PA,2000-03-01
Point,PA,2000-03-01
Point,PA,2000-03-01
Point,PA,2000-03-01
Point,PA,2000-03-01
Point,PA,2012-03-21
Point,PA,2012-06-11
Point,PA,2012-03-21
Point,PA,2000-03-01
Point,PA,2010-03-23
Point,PA,2007-02-08
Point,PA,2007-02-08
Point,PA,2000-03-01
Point,PA,2007-02-08
Point,PA,2010-03-23
Point,PA,2007-02-08
Point,PA,2012-06-11
Point,PA,2012-06-11
Point,PA,2012-06-11
Point,PA,2010-03-22
Point,PA,2012-06-11
Point,PA,2007-02-08
Point,PA,2000-03-01
Point,PA,2000-03-01
Point,PA,2000-03-01
Point,PA,2006-09-19
Point,PA,2000-03-01
Point,PA,2000-03-01
Point,PA,2000-03-01
Point,PA,2000-03-01
Point,PA,2011-03-22
Point,PA,2000-03-01
Point,PA,2007-02-08
Point,PA,2000-03-01
Point,PA,2000-03-01
Point,PA,2000-03-01
Point,PA,2007-02-16
Point,PA,2000-03-01
Point,PA,2000-03-01
Point,PA,2000-03-01
Point,PA,2007-02-08
Point,PA,2000-03-01
Point,PA,2012-03-21
Point,PA,2000-03-01
Point,PA,2000-03-01
Point,PA,2000-03-01
Point,PA,2000-03-01
Point,PA,2011-03-22
Point,PA,2004-04-12
Point,PA,2007-02-08
Point,PA,2007-02-08
Point,RI,2000-03-01
Point,RI,2000-03-01
Point,RI,2007-02-08
Point,RI,2007-02-08
Point,RI,2000-03-01
Point,RI,2000-03-01
Point,RI,2000-03-01
Point,RI,2000-03-01
Point,RI,2000-03-01
Point,RI,2000-03-01
Point,RI,2000-03-01
Point,RI,2000-03-01
Point,RI,2012-03-21
Point,SC,2000-03-01
Point,SC,2000-03-01
Point,SC,2014-02-07
Point,SC,2000-03-01
Point,SC,2004-05-13
Point,SC,2011-09-06
Point,SC,2007-08-06
Point,SC,2000-03-01
Point,SC,2011-06-27
Point,SC,2000-03-01
Point,SC,2000-03-01
Point,SC,2000-03-01
Point,SC,2004-12-30
Point,SC,2007-08-06
Point,SC,2007-08-06
Point,SC,2012-06-11
Point,SC,2000-03-01
Point,SC,2000-03-01
Point,SC,2000-03-01
Point,SC,2007-08-06
Point,SC,2000-03-01
Point,SC,2009-03-30
Point,SC,2007-02-08
Point,SC,2004-04-12
Point,SC,2000-03-01
Point,SC,2000-03-01
Point,SC,2000-03-01
Point,SC,2000-03-01
Point,SC,2012-06-11
Point,SC,2000-03-01
Point,SC,2000-03-01
Point,SC,2007-02-08
Point,SC,2004-12-06
Point,SC,2000-03-01
Point,SC,2007-02-08
Point,SC,2007-02-08
Point,SC,2000-03-01
Point,SC,2004-04-12
Point,SC,2000-03-01
Point,SC,2010-03-22
Point,SC,2007-02-08
Point,SC,2007-02-08
Point,SC,2000-03-01
Point,SC,2000-03-01
Point,SC,2000-03-01
Point,SC,2000-03-01
Point,SC,2007-02-08
Point,SC,2000-03-01
Point,SC,2007-02-08
Point,SC,2000-03-01
Point,SC,2004-12-06
Point,SC,2000-03-01
Point,SC,2000-03-01
Point,SC,2004-03-10
Point,SC,2000-03-01
Point,SC,2000-03-01
Point,SC,2011-09-06
Point,SC,2000-03-01
Point,SC,2007-02-08
Point,SC,2011-09-06
Point,SC,2010-03-23
Point,SC,2007-02-08
Point,SC,2010-03-10
Point,SC,2000-03-01
Point,SC,2007-02-08
Point,SC,2007-02-08
Point,SC,2000-03-01
Point,SD,2000-03-01
Point,SD,2000-03-01
Point,SD,2004-06-08
Point,SD,2007-02-08
Point,SD,2007-02-08
Point,SD,2011-03-08
Point,SD,2012-06-11
Point,SD,2000-03-01
Point,SD,2000-03-01
Point,SD,2007-02-08
Point,SD,2012-03-21
Point,SD,2010-03-22
Point,SD,2012-06-11
Point,SD,2006-08-26
Point,SD,2000-03-01
Point,SD,2007-02-08
Point,SD,2004-06-07
Point,SD,2011-03-22
Point,SD,2010-03-22
Point,SD,2007-02-08
Point,SD,2007-02-08
Point,TN,2000-03-01
Point,TN,2000-03-01
Point,TN,2008-12-15
Point,TN,2007-02-08
Point,TN,2004-03-12
Point,TN,2007-02-08
Point,TN,2000-03-01
Point,TN,2000-03-01
Point,TN,2007-02-08
Point,TN,2002-08-30
Point,TN,2011-09-06
Point,TN,2007-02-08
Point,TN,2010-03-23
Point,TN,2010-03-23
Point,TN,2007-02-08
Point,TN,2000-03-01
Point,TN,2000-03-01
Point,TN,2000-03-01
Point,TN,2007-02-08
Point,TN,2007-02-08
Point,TN,2014-02-07
Point,TN,2007-02-08
Point,TN,2002-10-31
Point,TN,2002-09-24
Point,TN,2008-12-15
Point,TN,2012-07-17
Point,TN,2000-03-01
Point,TN,2007-02-08
Point,TN,2007-02-08
Point,TN,2000-03-01
Point,TN,2000-03-01
Point,TN,2000-03-01
Point,TN,2000-03-01
Point,TN,2000-03-01
Point,TN,2000-03-01
Point,TN,2007-02-08
Point,TN,2000-03-01
Point,TN,2000-03-01
Point,TN,2005-05-19
Point,TN,2000-03-01
Point,TN,2004-04-12
Point,TN,2000-03-01
Point,TX,2002-12-12
Point,TX,2000-03-01
Point,TX,2000-03-01
Point,TX,2007-10-31
Point,TX,2003-07-01
Point,TX,2000-03-01
Point,TX,2000-03-01
Point,TX,2000-03-01
Point,TX,2000-03-01
Point,TX,2011-09-06
Point,TX,2000-03-01
Point,TX,2000-03-01
Point,TX,2008-04-17
Point,TX,2010-03-22
Point,TX,2010-03-23
Point,TX,2010-03-23
Point,TX,2007-02-08
Point,TX,2000-03-01
Point,TX,2000-03-01
Point,TX,2000-03-01
Point,TX,2000-03-01
Point,TX,2003-06-17
Point,TX,2007-02-08
Point,TX,2009-10-13
Point,TX,2000-03-01
Point,TX,2010-09-10
Point,TX,2007-02-08
Point,TX,2014-02-07
Point,TX,2011-03-22
Point,TX,2000-03-01
Point,TX,2007-02-08
Point,TX,2000-03-01
Point,TX,2000-03-01
Point,TX,2007-06-07
Point,TX,2000-03-01
Point,TX,2000-03-01
Point,TX,2007-02-08
Point,TX,2007-02-08
Point,TX,2000-03-01
Point,TX,2000-03-01
Point,TX,2007-02-08
Point,TX,2010-03-22
Point,TX,2000-03-01
Point,TX,2005-09-07
Point,TX,2008-04-22
Point,TX,2007-02-08
Point,TX,2008-04-17
Point,TX,2000-03-01
Point,TX,2000-03-01
Point,TX,2000-03-01
Point,TX,2007-02-08
Point,TX,2000-03-01
Point,TX,2007-02-08
Point,TX,2000-03-01
Point,TX,2012-03-21
Point,TX,2002-11-05
Point,TX,2000-03-01
Point,TX,2005-11-04
Point,TX,2000-03-01
Point,TX,2010-03-22
Point,TX,2000-03-01
Point,TX,2010-08-11
Point,TX,2004-11-16
Point,TX,2004-11-16
Point,TX,2000-03-01
Point,TX,2000-03-01
Point,TX,2000-03-01
Point,TX,2000-03-01
Point,TX,2000-03-01
Point,TX,2000-03-01
Point,TX,2007-02-08
Point,TX,2007-08-29
Point,TX,2007-02-08
Point,TX,2007-02-08
Point,TX,2000-03-01
Point,TX,2007-02-08
Point,TX,2000-03-01
Point,TX,2000-03-01
Point,TX,2008-04-30
Point,TX,2007-02-08
Point,TX,2007-02-08
Point,TX,2000-03-01
Point,TX,2000-03-01
Point,TX,2012-03-21
Point,TX,2008-03-12
Point,TX,2008-04-11
Point,TX,2010-03-22
Point,TX,2000-03-01
Point,TX,2014-02-27
Point,TX,2000-03-01
Point,TX,2000-03-01
Point,TX,2014-02-27
Point,TX,2000-03-01
Point,TX,2005-05-17
Point,TX,2000-03-01
Point,TX,2005-05-17
Point,TX,2000-03-01
Point,TX,2000-03-01
Point,TX,2007-02-08
Point,TX,2009-01-13
Point,TX,2003-05-29
Point,TX,2000-03-01
Point,TX,2008-04-17
Point,TX,2000-03-01
Point,TX,2007-02-08
Point,TX,2007-06-07
Point,TX,2007-02-08
Point,TX,2012-06-11
Point,TX,2007-02-08
Point,TX,2000-03-01
Point,TX,2000-03-01
Point,TX,2011-03-22
Point,TX,2000-03-01
Point,TX,2002-08-30
Point,TX,2000-03-01
Point,TX,2003-10-09
Point,TX,2008-04-30
Point,TX,2007-10-31
Point,TX,2007-06-07
Point,TX,2010-03-23
Point,TX,2000-03-01
Point,TX,2008-04-30
Point,TX,2008-03-12
Point,TX,2012-06-11
Point,TX,2000-03-01
Point,TX,2008-04-19
Point,TX,2000-03-01
Point,TX,2007-02-08
Point,TX,2003-10-31
Point,TX,2007-02-08
Point,TX,2008-03-12
Point,TX,2007-02-08
Point,TX,2007-02-08
Point,TX,2000-03-01
Point,TX,2000-03-01
Point,TX,2012-03-21
Point,TX,2006-08-15
Point,TX,2008-04-17
Point,TX,2010-03-22
Point,TX,2012-06-11
Point,TX,2010-03-22
Point,TX,2010-03-23
Point,TX,2008-04-19
Point,TX,2012-06-11
Point,TX,2010-03-23
Point,TX,2007-02-08
Point,TX,2000-03-01
Point,TX,2007-02-08
Point,TX,2000-03-01
Point,TX,2007-02-08
Point,TX,2000-03-01
Point,TX,2005-05-17
Point,TX,2008-04-17
Point,TX,2005-05-19
Point,TX,2007-08-01
Point,TX,2005-05-17
Point,TX,2003-07-01
Point,TX,2007-02-08
Point,TX,2007-02-08
Point,TX,2007-02-08
Point,TX,2005-11-04
Point,TX,2011-03-22
Point,TX,2000-03-01
Point,TX,2000-03-01
Point,TX,2000-03-01
Point,TX,2007-02-08
Point,TX,2000-03-01
Point,TX,2000-03-01
Point,TX,2007-02-08
Point,TX,2000-03-01
Point,TX,2000-03-01
Point,TX,2012-06-11
Point,TX,2000-03-01
Point,TX,2011-03-22
Point,TX,2011-03-22
Point,TX,2007-02-08
Point,TX,2004-05-12
Point,TX,2004-05-13
Point,TX,2007-02-08
Point,TX,2000-03-01
Point,TX,2000-03-01
Point,TX,2000-03-01
Point,TX,2000-03-01
Point,TX,2000-03-01
Point,TX,2000-03-01
Point,TX,2000-03-01
Point,TX,2000-03-01
Point,TX,2007-02-08
Point,TX,2000-03-01
Point,TX,2007-02-08
Point,TX,2000-03-01
Point,TX,2012-06-11
Point,TX,2010-03-23
Point,TX,2010-03-23
Point,TX,2011-03-22
Point,TX,2006-08-15
Point,TX,2012-06-11
Point,TX,2012-06-11
Point,TX,2007-02-08
Point,TX,2009-03-30
Point,TX,2010-03-23
Point,TX,2010-03-23
Point,TX,2011-03-22
Point,TX,2010-03-23
Point,TX,2010-03-23
Point,TX,2002-11-05
Point,TX,2008-04-17
Point,TX,2007-02-08
Point,TX,2007-02-08
Point,TX,2007-02-08
Point,TX,2002-12-27
Point,TX,2008-04-17
Point,TX,2003-10-22
Point,TX,2003-10-22
Point,TX,2000-03-01
Point,TX,2000-03-01
Point,TX,2007-02-08
Point,TX,2012-03-21
Point,TX,2000-03-01
Point,TX,2011-03-22
Point,TX,2000-03-01
Point,TX,2007-02-08
Point,TX,2010-03-22
Point,TX,2008-04-17
Point,TX,2012-06-11
Point,TX,2010-09-10
Point,TX,2010-09-10
Point,TX,2010-03-23
Point,TX,2012-06-11
Point,TX,2012-06-11
Point,TX,2000-03-01
Point,TX,2012-06-11
Point,TX,2012-06-11
Point,TX,2010-05-23
Point,TX,2007-02-08
Point,TX,2007-02-08
Point,TX,2007-02-08
Point,UT,2010-05-24
Point,UT,2010-05-24
Point,UT,2007-02-08
Point,UT,2000-03-01
Point,UT,2003-11-14
Point,UT,2000-03-01
Point,UT,2007-02-08
Point,UT,2000-03-01
Point,UT,2004-06-24
Point,UT,2012-06-11
Point,UT,2005-11-04
Point,UT,2009-11-23
Point,UT,2004-12-27
Point,UT,2000-03-01
Point,UT,2007-02-08
Point,UT,2007-02-08
Point,UT,2000-03-01
Point,UT,2004-12-27
Point,UT,2000-03-01
Point,UT,2000-03-01
Point,UT,2007-02-08
Point,UT,2012-06-11
Point,UT,2010-03-23
Point,UT,2000-03-01
Point,UT,2000-03-01
Point,UT,2000-03-01
Point,UT,2004-12-27
Point,UT,2007-02-08
Point,UT,2000-03-01
Point,UT,2000-03-01
Point,UT,2000-03-01
Point,VT,2000-03-01
Point,VT,2007-02-08
Point,VT,2000-03-01
Point,VT,2000-03-01
Point,VT,2000-03-01
Point,VT,2007-02-08
Point,VT,2007-02-08
Point,VT,2007-02-08
Point,VT,2007-02-08
Point,VT,2007-02-08
Point,VT,2007-02-08
Point,VT,2000-03-01
Point,VT,2007-02-08
Point,VT,2007-02-08
Point,VT,2014-02-27
Point,VT,2000-03-01
Point,VT,2007-02-08
Point,VT,2007-02-08
Point,VT,2007-02-08
Point,VT,2007-02-08
Point,VT,2007-02-08
Point,VT,2000-03-01
Point,VT,2007-02-08
Point,VT,2007-02-08
Point,VT,2010-03-22
Point,VT,2007-02-08
Point,VT,2007-02-08
Point,VT,2007-02-08
Point,VT,2011-03-22
Point,VT,2000-03-01
Point,VT,2007-02-08
Point,VT,2007-02-08
Point,VT,2007-02-08
Point,VT,2007-02-08
Point,VT,2012-03-21
Point,VT,2000-03-01
Point,VT,2007-02-08
Point,VT,2007-02-08
Point,VT,2007-02-08
Point,VT,2000-03-01
Point,VT,2000-03-01
Point,VT,2007-02-08
Point,VA,2000-03-01
Point,VA,2006-04-26
Point,VA,2005-02-16
Point,VA,2010-03-22
Point,VA,2005-04-15
Point,VA,2000-03-01
Point,VA,2012-06-11
Point,VA,2000-03-01
Point,VA,2000-03-01
Point,VA,2007-02-08
Point,VA,2000-03-01
Point,VA,2004-04-12
Point,VA,2012-06-11
Point,VA,2007-02-08
Point,VA,2010-03-23
Point,VA,2007-02-08
Point,VA,2010-03-23
Point,VA,2010-08-03
Point,VA,2010-03-23
Point,VA,2007-02-08
Point,VA,2000-03-01
Point,VA,2006-07-31
Point,VA,2007-02-08
Point,VA,2000-03-01
Point,VA,2007-02-08
Point,VA,2000-03-01
Point,VA,2005-02-16
Point,VA,2000-03-01
Point,VA,2000-03-01
Point,VA,2000-03-01
Point,VA,2000-03-01
Point,VA,2012-06-11
Point,VA,2010-03-23
Point,VA,2000-03-01
Point,VA,2000-03-01
Point,VA,2000-03-01
Point,VA,2000-03-01
Point,VA,2000-03-01
Point,VA,2000-03-01
Point,VA,2010-03-23
Point,VA,2000-03-01
Point,VA,2000-03-01
Point,VA,2000-03-01
Point,VA,2012-03-21
Point,VA,2010-03-23
Point,VA,2007-02-08
Point,VA,2007-02-08
Point,VA,2000-03-01
Point,VA,2007-02-08
Point,VA,2007-09-25
Point,VA,2000-03-01
Point,VA,2000-03-01
Point,VA,2007-02-08
Point,VA,2000-03-01
Point,VA,2007-02-08
Point,VA,2007-02-08
Point,VA,2000-03-01
Point,VA,2004-04-22
Point,VA,2005-02-16
Point,VA,2010-03-23
Point,VA,2003-07-01
Point,VA,2000-03-01
Point,VA,2010-03-22
Point,VA,2007-02-08
Point,VA,2000-03-01
Point,VA,2005-02-16
Point,VA,2007-02-08
Point,VA,2007-02-08
Point,VA,2014-02-27
Point,VA,2000-03-01
Point,VA,2007-02-08
Point,VA,2007-02-08
Point,VA,2005-02-16
Point,VA,2010-03-22
Point,VA,2007-02-08
Point,VA,2007-02-08
Point,VA,2007-02-08
Point,VA,2007-02-08
Point,VA,2007-02-08
Point,VA,2010-03-22
Point,VA,2011-09-06
Point,VA,2000-03-01
Point,VA,2000-03-01
Point,VA,2000-03-01
Point,VA,2007-12-07
Point,VA,2005-01-20
Point,VA,2000-03-01
Point,VA,2012-06-11
Point,VA,2000-03-01
Point,VA,2000-03-01
Point,VA,2005-02-16
Point,VA,2000-03-01
Point,VA,2000-03-01
Point,VA,2000-03-01
Point,VA,2000-03-01
Point,VA,2000-03-01
Point,VA,2000-03-01
Point,VA,2007-02-08
Point,VA,2000-03-01
Point,VA,2000-03-01
Point,VA,2000-03-01
Point,VA,2000-03-01
Point,WA,2007-02-08
Point,WA,2007-02-08
Point,WA,2010-09-15
Point,WA,2007-02-08
Point,WA,2000-03-01
Point,WA,2007-02-08
Point,WA,2014-02-27
Point,WA,2000-03-01
Point,WA,2010-03-22
Point,WA,2005-01-21
Point,WA,2000-03-01
Point,WA,2006-08-15
Point,WA,2000-03-01
Point,WA,2007-02-08
Point,WA,2000-03-01
Point,WA,2012-06-11
Point,WA,2011-03-22
Point,WA,2011-09-06
Point,WA,2010-03-22
Point,WA,2010-03-22
Point,WA,2007-02-08
Point,WA,2007-02-08
Point,WA,2007-02-08
Point,WA,2005-03-28
Point,WA,2000-03-01
Point,WA,2000-03-01
Point,WA,2003-08-01
Point,WA,2007-02-08
Point,WA,2007-02-08
Point,WA,2007-02-08
Point,WA,2000-03-01
Point,WA,2000-03-01
Point,WA,2000-03-01
Point,WA,2007-02-08
Point,WA,2002-08-29
Point,WA,2000-03-01
Point,WA,2002-12-27
Point,WA,2013-09-10
Point,WA,2003-07-31
Point,WA,2000-03-01
Point,WA,2000-03-01
Point,WA,2000-03-01
Point,WA,2008-06-18
Point,WA,2000-03-01
Point,WA,2000-03-01
Point,WA,2007-02-08
Point,WA,2012-06-11
Point,WA,2012-03-21
Point,WA,2010-05-27
Point,WA,2003-08-01
Point,WA,2003-08-02
Point,WA,2007-02-08
Point,WA,2007-02-08
Point,WA,2007-02-08
Point,WA,2012-06-11
Point,WA,2010-03-23
Point,WA,2011-03-22
Point,WA,2011-03-22
Point,WA,2000-03-01
Point,WA,2004-10-29
Point,WA,2007-02-08
Point,WA,2012-06-02
Point,WA,2010-03-22
Point,WA,2011-03-22
Point,WA,2007-02-08
Point,WA,2003-08-01
Point,WA,2007-02-08
Point,WA,2005-10-28
Point,WA,2003-08-01
Point,WA,2003-08-01
Point,WA,2004-04-27
Point,WA,2007-02-08
Point,WA,2007-02-08
Point,WA,2007-02-08
Point,WA,2007-02-08
Point,WA,2007-02-08
Point,WA,2007-02-08
Point,WA,2007-02-08
Point,WA,2000-03-01
Point,WA,2000-03-01
Point,WA,2012-06-11
Point,WA,2007-02-08
Point,WA,2011-03-22
Point,WA,2010-03-22
Point,WA,2000-03-01
Point,WA,2007-02-08
Point,WA,2004-02-26
Point,WV,2011-09-06
Point,WV,2010-03-23
Point,WV,2000-03-01
Point,WV,2000-03-01
Point,WV,2003-02-21
Point,WV,2003-02-21
Point,WV,2009-06-30
Point,WV,2004-02-13
Point,WV,2007-02-08
Point,WV,2003-11-03
Point,WV,2000-03-01
Point,WV,2010-09-15
Point,WV,2000-03-01
Point,WV,2004-12-16
Point,WV,2000-03-01
Point,WV,2000-03-01
Point,WV,2000-03-01
Point,WV,2000-03-01
Point,WV,2007-02-08
Point,WV,2000-03-01
Point,WV,2000-03-01
Point,WV,2012-03-21
Point,WV,2000-03-01
Point,WV,2012-07-18
Point,WI,2007-02-08
Point,WI,2007-02-08
Point,WI,2010-05-21
Point,WI,2000-03-01
Point,WI,2007-02-08
Point,WI,2004-03-03
Point,WI,2007-02-08
Point,WI,2000-03-01
Point,WI,2000-03-01
Point,WI,2000-03-01
Point,WI,2000-03-01
Point,WI,2000-03-01
Point,WI,2000-03-01
Point,WI,2010-03-10
Point,WI,2007-02-08
Point,WI,2000-03-01
Point,WI,2000-03-01
Point,WI,2007-02-08
Point,WI,2002-09-25
Point,WI,2009-01-06
Point,WI,2014-02-27
Point,WI,2010-03-22
Point,WI,2003-04-11
Point,WI,2011-08-30
Point,WI,2000-03-01
Point,WI,2000-03-01
Point,WI,2004-04-12
Point,WI,2004-04-12
Point,WI,2000-03-01
Point,WI,2000-03-01
Point,WI,2000-03-01
Point,WI,2000-03-01
Point,WI,2004-04-12
Point,WI,2010-05-20
Point,WI,2000-03-01
Point,WI,2000-03-01
Point,WI,2000-03-01
Point,WI,2007-02-08
Point,WI,2007-02-08
Point,WI,2007-02-08
Point,WI,2007-02-08
Point,WI,2007-02-08
Point,WI,2007-02-08
Point,WI,2007-02-08
Point,WI,2000-03-01
Point,WI,2003-04-03
Point,WI,2011-09-06
Point,WI,2007-02-08
Point,WI,2011-12-14
Point,WI,2000-03-01
Point,WI,2000-03-01
Point,WI,2000-03-01
Point,WI,2000-03-01
Point,WI,2005-11-09
Point,WI,2000-03-01
Point,WI,2007-02-08
Point,WI,2011-09-06
Point,WI,2007-02-08
Point,WI,2004-04-12
Point,WI,2007-02-08
Point,WI,2007-02-08
Point,WI,2000-03-01
Point,WI,2002-10-31
Point,WI,2000-03-01
Point,WI,2010-05-23
Point,WI,2011-09-06
Point,WI,2003-04-03
Point,WI,2012-06-11
Point,WI,2000-03-01
Point,WI,2004-03-04
Point,WI,2007-02-08
Point,WI,2007-02-08
Point,WI,2004-11-08
Point,WI,2000-03-01
Point,WI,2011-09-06
Point,WI,2000-03-01
Point,WI,2000-03-01
Point,WI,2000-03-01
Point,WI,2003-04-11
Point,WI,2000-03-01
Point,WI,2000-03-01
Point,WI,2009-05-14
Point,WI,2000-03-01
Point,WI,2007-02-08
Point,WI,2010-03-22
Point,WI,2011-09-06
Point,WI,2011-09-06
Point,WI,2004-12-16
Point,WI,2002-10-31
Point,WI,2000-03-01
Point,WI,2000-03-01
Point,WI,2007-02-08
Point,WI,2000-03-01
Point,WI,2000-03-01
Point,WI,2007-02-08
Point,WI,2002-10-31
Point,WI,2000-03-01
Point,WI,2000-03-01
Point,WI,2000-03-01
Point,WI,2005-06-22
Point,WI,2008-04-22
Point,WI,2000-03-01
Point,WI,2000-03-01
Point,WI,2000-03-01
Point,WI,2004-04-12
Point,WI,2012-06-11
Point,WI,2007-02-08
Point,WI,2000-03-01
Point,MI,2007-02-08
Point,WI,2007-02-08
Point,WI,2007-02-08
Point,WI,2007-02-08
Point,WI,2007-02-08
Point,WI,2000-03-01
Point,WI,2007-02-08
Point,WI,2000-03-01
Point,WI,2000-03-01
Point,WI,2000-03-01
Point,WI,2007-02-08
Point,WI,2007-02-08
Point,WI,2000-03-01
Point,WI,2007-02-08
Point,WI,2007-02-08
Point,WI,2007-02-08
Point,WI,2007-02-08
Point,WI,2007-02-08
Point,WI,2010-03-23
Point,WI,2000-03-01
Point,WI,2002-10-30
Point,WI,2004-03-04
Point,WI,2007-02-08
Point,WI,2007-02-08
Point,WI,2007-02-08
Point,WI,2007-02-08
Point,WI,2007-02-08
Point,WI,2009-11-19
Point,WY,2000-03-01
Point,WY,2007-02-08
Point,WY,2010-09-14
Point,WY,2010-03-23
Point,WY,2000-03-01
Point,WY,2000-03-01
Point,WY,2012-06-11
Point,WY,2012-06-11
Point,WY,2000-03-01
Point,WY,2012-06-11
Point,WY,2002-11-07
Point,WY,2012-10-26
Point,WY,2000-03-01
Point,WY,2000-03-01
Point,WY,2012-06-11
Point,WY,2012-06-11
Point,WY,2010-07-06
Point,WY,2010-07-06
Point,WY,2010-07-06
Point,WY,2000-03-01
Point,WY,2000-03-01
Point,WY,2000-03-01
Point,WY,2000-03-01
Point,WY,2010-07-06
Point,WY,2012-03-21
